SPECIES NAME,GALD,TYPE,REF,N-FIXING,TYPE,REF,BUOYANCY,TYPE,REF,SILICA_USING,TYPE,REF,FLAGELLA,TYPE,Ref,HETEROTROPHY,TYPE,REF,PHYCOBILINS,TYPE,REF,CHL_C,TYPE,REF,CHL_B,TYPE,REF,CHAIN/COLONY,TYPE,REF,MUCILAGINOUS_SHEATH,TYPE,REF,SPINES,TYPE,REF,SUSPECTED_TOXIN_PRODUCING,TYPE,REF
Achnanthidium minutissimum,15.6,Achnanthidium minutissimum,measure,0,Achnanthidium minutissimum,a,0,Achnanthidium minutissimum,a,1,Achnanthidium minutissimum,a,0,Achnanthidium minutissimum,a,0,Achnanthidium minutissimum,a,0,Achnanthidium minutissimum,a,1,Achnanthidium minutissimum,a,0,Achnanthidium minutissimum,a,0,Achnanthidium minutissimum,a,1,Achnanthidium minutissimum,l,0,NR,NR,0,NR,NR
Actinastrum hantzschii,21.2,Actinastrum hantzschii,measure,0,Actinastrum hantzschii,a,0,Actinastrum hantzschii,a,0,Actinastrum hantzschii,a,0,Actinastrum hantzschii,a,0,Actinastrum hantzschii,a,0,Actinastrum hantzschii,a,0,Actinastrum hantzschii,a,1,Actinastrum hantzschii,a,1,Actinastrum hantzschii,a,0,Actinastrum sp,aa,1,Actinastrum sp,m,0,NR,NR
Actinastrum sp,12.3,Actinastrum sp,measure,0,Actinastrum sp,a,0,Actinastrum sp,a,0,Actinastrum sp,a,0,Actinastrum sp,a,0,Actinastrum sp,a,0,Actinastrum sp,a,0,Actinastrum sp,a,1,Actinastrum sp,a,1,Actinastrum sp,a,0,Actinastrum sp,aa,1,Actinastrum sp,m,0,NR,NR
Amphora sp,34,Amphora ovalis,f,0,Amphora sp,a,0,Amphora sp,a,1,Amphora sp,a,0,Amphora sp,a,0,Amphora sp,a,0,Amphora sp,a,1,Amphora sp,a,0,Amphora sp,a,0,Amphora sp,a,1,Amphora ovalis,l,0,NR,NR,0,NR,NR
Dolichospermum planctonicum,9.6,Dolichospermum planctonicum,measure,1,Dolichospermum planctonicum,a,1,Anabaena sp *,a,0,Dolichospermum planctonicum,a,0,Dolichospermum planctonicum,a,0,Dolichospermum planctonicum,a,1,Dolichospermum planctonicum,a,0,Dolichospermum planctonicum,a,0,Dolichospermum planctonicum,a,1,Anabaena sp *,a,1,Anabaena sp *,v,0,NR,NR,1,Anabaena sp *,b
Anabaena sp,5.7,Anabaena sp,measure,1,Anabaena sp,a,1,Anabaena sp,a,0,Anabaena sp,a,0,Anabaena sp,a,0,Anabaena sp,a,1,Anabaena sp,a,0,Anabaena sp,a,0,Anabaena sp,a,1,Anabaena sp,a,1,Anabaena sp,v,0,NR,NR,1,Anabaena sp,b
Anabaenopsis sp,4,Anabaenopsis sp,n,1,Anabaenopsis sp,a,1,Anabaenopsis sp,a,0,Anabaenopsis sp,a,0,Anabaenopsis sp,a,0,Anabaenopsis sp,a,1,Anabaenopsis sp,a,0,Anabaenopsis sp,a,0,Anabaenopsis sp,a,1,Anabaenopsis sp,a,1,Anabaenopsis sp,aa,0,NR,NR,1,Anabaenopsis arnoldii,b
Anathece clathrata,3,Anathece clathrata,measure,0,Anathece clathrata,a,1,Anathece clathrata,a,0,Anathece clathrata,a,0,Anathece clathrata,a,0,Anathece clathrata,a,1,Anathece clathrata,a,0,Anathece clathrata,a,0,Anathece clathrata,a,1,Anathece clathrata,a,1,Aphanothece sp,x,0,NR,NR,0,NR,NR
Ankistrodesmus bernardii,40,Ankistrodesmus bernardii,measure,0,Ankistrodesmus sp,a,0,Ankistrodesmus sp,a,0,Ankistrodesmus sp,a,0,Ankistrodesmus sp,a,0,Ankistrodesmus sp,a,0,Ankistrodesmus sp,a,0,Ankistrodesmus sp,a,1,Ankistrodesmus sp,a,1,Ankistrodesmus spiralis *,a,0,Ankistrodesmus sp,aa,1,Ankistrodesmus sp,m,0,NR,NR
Ankistrodesmus spiralis,51.7,Ankistrodesmus spiralis,measure,0,Ankistrodesmus spiralis,a,0,Ankistrodesmus spiralis,a,0,Ankistrodesmus spiralis,a,0,Ankistrodesmus spiralis,a,0,Ankistrodesmus spiralis,a,0,Ankistrodesmus spiralis,a,0,Ankistrodesmus spiralis,a,1,Ankistrodesmus spiralis,a,1,Ankistrodesmus spiralis,a,0,Ankistrodesmus sp,aa,1,Ankistrodesmus sp,m,0,NR,NR
Ankistrodesmus stipitatus,51.5,Ankistrodesmus stipitatus,measure,0,Ankistrodesmus sp,a,0,Ankistrodesmus sp,a,0,Ankistrodesmus sp,a,0,Ankistrodesmus sp,a,0,Ankistrodesmus sp,a,0,Ankistrodesmus sp,a,0,Ankistrodesmus sp,a,1,Ankistrodesmus sp,a,1,Ankistrodesmus sp,a,0,Ankistrodesmus sp,aa,1,Ankistrodesmus sp,m,0,NR,NR
Ankyra ancora,31.1,Ankyra ancora,measure,0,Ankyra sp,a,0,Ankyra sp,a,0,Ankyra sp,a,0,Ankyra judayi *,a,0,Ankyra sp,a,0,Ankyra sp,a,0,Ankyra sp,a,1,Ankyra sp,a,0,Ankyra judayi *,a,0,NR,NR,1,Ankyra sp,m,0,NR,NR
Ankyra judayi,17.9,Ankyra judayi,measure,0,Ankyra judayi,a,0,Ankyra judayi,a,0,Ankyra judayi,a,0,Ankyra judayi,a,0,Ankyra judayi,a,0,Ankyra judayi,a,0,Ankyra judayi,a,1,Ankyra judayi,a,0,Ankyra judayi,a,0,NR,NR,1,Ankyra sp,m,0,NR,NR
Aphanizomenon flosaquae,11,Aphanizomenon flosaquae,measure,1,Aphanizomenon flosaquae,a,1,Aphanizomenon flosaquae,a,0,Aphanizomenon flosaquae,a,0,Aphanizomenon flosaquae,a,0,Aphanizomenon flosaquae,a,1,Aphanizomenon flosaquae,a,0,Aphanizomenon flosaquae,a,0,Aphanizomenon flosaquae,a,1,Aphanizomenon flosaquae,a,1,Aphanizomenon sp,x,0,NR,NR,1,Aphanizomenon flosaquae,b
Aphanizomenon gracile,10.1,Aphanizomenon gracile,measure,1,Aphanizomenon gracile,a,1,Aphanizomenon gracile,a,0,Aphanizomenon gracile,a,0,Aphanizomenon gracile,a,0,Aphanizomenon gracile,a,1,Aphanizomenon gracile,a,0,Aphanizomenon gracile,a,0,Aphanizomenon gracile,a,1,Aphanizomenon gracile,a,1,Aphanizomenon sp,x,0,NR,NR,1,Aphanizomenon gracile,b
Aphanizomenon skujae,9,Aphanizomenon skujae,measure,1,Aphanizomenon skujae,a,1,Aphanizomenon skujae,a,0,Aphanizomenon skujae,a,0,Aphanizomenon skujae,a,0,Aphanizomenon skujae,a,1,Aphanizomenon skujae,a,0,Aphanizomenon skujae,a,0,Aphanizomenon skujae,a,1,Aphanizomenon skujae,a,1,Aphanizomenon sp,x,0,NR,NR,1,Aphanizomenon sp,b
Aphanizomenon yezoense,6.4,Aphanizomenon yezoense,measure,1,Aphanizomenon yezoense,a,1,Aphanizomenon yezoense,a,0,Aphanizomenon yezoense,a,0,Aphanizomenon yezoense,a,0,Aphanizomenon yezoense,a,0,Aphanizomenon yezoense,a,0,Aphanizomenon yezoense,a,0,Aphanizomenon yezoense,a,1,Aphanizomenon yezoense,a,1,Aphanizomenon sp,x,0,NR,NR,1,Aphanizomenon sp,b
Aphanocapsa delicatissima,2,Aphanocapsa delicatissima,measure,0,Aphanocapsa delicatissima,a,0,Aphanocapsa delicatissima,a,0,Aphanocapsa delicatissima,a,0,Aphanocapsa delicatissima,a,0,Aphanocapsa delicatissima,a,1,Aphanocapsa delicatissima,a,0,Aphanocapsa delicatissima,a,0,Aphanocapsa delicatissima,a,1,Aphanocapsa delicatissima,a,1,Aphanocapsa sp,x,0,NR,NR,1,Aphanocapsa delicatissima,c
Aphanocapsa elachista,2.9,Aphanocapsa elachista,measure,0,Aphanocapsa elachista,a,0,Aphanocapsa elachista,a,0,Aphanocapsa elachista,a,0,Aphanocapsa elachista,a,0,Aphanocapsa elachista,a,1,Aphanocapsa elachista,a,0,Aphanocapsa elachista,a,0,Aphanocapsa elachista,a,1,Aphanocapsa elachista,a,1,Aphanocapsa sp,x,0,NR,NR,1,Aphanocapsa sp,b
Aphanocapsa rivularis,4.6,Aphanocapsa rivularis,measure,0,Aphanocapsa sp,a,0,Aphanocapsa sp,a,0,Aphanocapsa sp,a,0,Aphanocapsa sp,a,0,Aphanocapsa sp,a,1,Aphanocapsa sp,a,0,Aphanocapsa sp,a,0,Aphanocapsa sp,a,1,Aphanocapsa sp,a,1,Aphanocapsa sp,x,0,NR,NR,1,Aphanocapsa sp,b
Aphanocapsa sp,3.3,Aphanocapsa sp,measure,0,Aphanocapsa sp,a,0,Aphanocapsa sp,a,0,Aphanocapsa sp,a,0,Aphanocapsa sp,a,0,Aphanocapsa sp,a,1,Aphanocapsa sp,a,0,Aphanocapsa sp,a,0,Aphanocapsa sp,a,1,Aphanocapsa sp,a,1,Aphanocapsa sp,x,0,NR,NR,1,Aphanocapsa sp,b
Aphanothece nidulans,3.1,Aphanothece nidulans,measure,0,Aphanothece nidulans,a,0,Aphanothece sp,a,0,Aphanothece nidulans,a,0,Aphanothece nidulans,a,0,Aphanothece nidulans,a,1,Aphanothece nidulans,a,0,Aphanothece nidulans,a,0,Aphanothece nidulans,a,1,Aphanothece sp,a,1,Aphanothece sp,x,0,NR,NR,1,Aphanothece sp,d
Aphanothece sp,3,Aphanothece sp,measure,0,Aphanothece sp,a,0,Aphanothece sp,a,0,Aphanothece sp,a,0,Aphanothece sp,a,0,Aphanothece sp,a,1,Aphanothece sp,a,0,Aphanothece sp,a,0,Aphanothece sp,a,1,Aphanothece sp,a,1,Aphanothece sp,x,0,NR,NR,1,Aphanothece sp,d
Apocalathium aciculiferum,33.5,Apocalathium aciculiferum,measure,0,Peridinium aciculiferum *,a,0,Peridinium aciculiferum *,a,0,Peridinium aciculiferum *,a,1,Peridinium aciculiferum *,a,1,Peridinium sp *,a,0,Peridinium aciculiferum *,a,1,Peridinium sp,a,0,Peridinium aciculiferum *,a,0,Peridinium aciculiferum *,a,0,NR,NR,1,Peridinium sp *,m,1,Peridinium aciculiferum *,o
Asterionella formosa,79.7,Asterionella formosa,measure,0,Asterionella formosa,a,0,Asterionella formosa,a,1,Asterionella formosa,a,0,Asterionella formosa,a,0,Asterionella formosa,a,0,Asterionella formosa,a,1,Asterionella formosa,a,0,Asterionella formosa,a,1,Asterionella formosa,a,0,NR,NR,1,Asterionella formosa,f,0,NR,NR
Aulacoseira ambigua,38.8,Aulacoseira ambigua,measure,0,Aulacoseira ambigua,a,0,Aulacoseira ambigua,a,1,Aulacoseira ambigua,a,0,Aulacoseira ambigua,a,0,Aulacoseira ambigua,a,0,Aulacoseira ambigua,a,1,Aulacoseira ambigua,a,0,Aulacoseira ambigua,a,1,Aulacoseira ambigua,a,0,NR,NR,1,Aulacoseira sp,x,0,NR,NR
Aulacoseira granulata,36.5,Aulacoseira granulata,measure,0,Aulacoseira granulata,a,0,Aulacoseira granulata,a,1,Aulacoseira granulata,a,0,Aulacoseira granulata,a,0,Aulacoseira granulata,a,0,Aulacoseira granulata,a,1,Aulacoseira granulata,a,0,Aulacoseira granulata,a,1,Aulacoseira granulata,a,0,NR,NR,1,Aulacoseira sp,x,0,NR,NR
Aulacoseira sp,29.8,Aulacoseira sp,measure,0,Aulacoseira sp,a,0,Aulacoseira sp,a,1,Aulacoseira sp,a,0,Aulacoseira sp,a,0,Aulacoseira sp,a,0,Aulacoseira sp,a,1,Aulacoseira sp,a,0,Aulacoseira sp,a,1,Aulacoseira sp,a,0,NR,NR,1,Aulacoseira sp,x,0,NR,NR
Binuclearia lauterbornii,20,Binuclearia lauterbornii,measure,0,Binuclearia lauterbornii,a,0,Binuclearia lauterbornii,a,0,Binuclearia lauterbornii,a,0,Binuclearia lauterbornii,a,0,Binuclearia lauterbornii,a,0,Binuclearia lauterbornii,a,0,Binuclearia lauterbornii,a,1,Binuclearia lauterbornii,a,1,Binuclearia lauterbornii,a,1,Binuclearia sp,x,0,NR,NR,0,NR,NR
Bitrichia chodatii,6.7,Bitrichia chodatii,measure,0,Bitrichia chodatii,a,0,Bitrichia chodatii,a,0,Bitrichia chodatii,a,0,Bitrichia chodatii,a,0,Bitrichia chodatii,a,0,Bitrichia chodatii,a,1,Bitrichia chodatii,a,0,Bitrichia chodatii,a,0,Bitrichia chodatii,a,0,Bitrichia sp,aa,1,Bitrichia sp,aa,0,NR,NR
Bitrichia ollula,7,Bitrichia ollula,measure,0,Bitrichia chodatii *,a,0,Bitrichia chodatii *,a,0,Bitrichia chodatii *,a,0,Bitrichia chodatii *,a,0,Bitrichia chodatii *,a,0,Bitrichia chodatii *,a,1,Bitrichia chodatii *,a,0,Bitrichia chodatii *,a,0,Bitrichia chodatii *,a,0,Bitrichia sp,aa,1,Bitrichia sp,aa,0,NR,NR
Botryococcus sp,24,Botryococcus sp,measure,0,Botryococcus sp,a,0,Botryococcus sp,a,0,Botryococcus sp,a,0,Botryococcus sp,a,0,Botryococcus sp,a,0,Botryococcus sp,a,0,Botryococcus sp,a,1,Botryococcus sp,a,1,Botryococcus sp,a,1,Botryococcus sp,x,0,NR,NR,1,Botryococcus sp,m
Ceratium hirundinella,81.7,Ceratium hirundinella,measure,0,Ceratium hirundinella,a,0,Ceratium hirundinella,a,0,Ceratium hirundinella,a,1,Ceratium hirundinella,a,1,Ceratium hirundinella,a,0,Ceratium hirundinella,a,1,Ceratium hirundinella,a,0,Ceratium hirundinella,a,0,Ceratium hirundinella,a,0,NR,NR,1,Ceratium sp,m,0,NR,NR
Chaetoceros holsaticus,11.7,Chaetoceros holsaticus,measure,0,Chaetoceros holsaticus,a,0,Chaetoceros holsaticus,a,1,Chaetoceros holsaticus,a,0,Chaetoceros holsaticus,a,0,Chaetoceros holsaticus,a,0,Chaetoceros holsaticus,a,1,Chaetoceros holsaticus,a,0,Chaetoceros holsaticus,a,1,Chaetoceros holsaticus,a,0,NR,NR,1,Chaetoceros sp,x,0,NR,NR
Chaetoceros muelleri,10,Chaetoceros muelleri,measure,0,Chaetoceros muelleri,a,0,Chaetoceros muelleri,a,1,Chaetoceros muelleri,a,0,Chaetoceros muelleri,a,0,Chaetoceros muelleri,a,0,Chaetoceros muelleri,a,1,Chaetoceros muelleri,a,0,Chaetoceros muelleri,a,1,Chaetoceros muelleri,a,0,NR,NR,1,Chaetoceros sp,x,0,NR,NR
Chaetoceros simplex,10,Chaetoceros simplex,measure,0,Chaetoceros simplex,a,0,Chaetoceros simplex,a,1,Chaetoceros simplex,a,0,Chaetoceros simplex,a,0,Chaetoceros simplex,a,0,Chaetoceros simplex,a,1,Chaetoceros simplex,a,0,Chaetoceros simplex,a,1,Chaetoceros simplex,a,0,NR,NR,1,Chaetoceros sp,x,0,NR,NR
Chaetoceros sp,14,Chaetoceros sp,measure,0,Chaetoceros sp,a,0,Chaetoceros sp,a,1,Chaetoceros sp,a,0,Chaetoceros sp,a,0,Chaetoceros sp,a,0,Chaetoceros sp,a,1,Chaetoceros sp,a,0,Chaetoceros sp,a,1,Chaetoceros sp,a,0,NR,NR,1,Chaetoceros sp,x,0,NR,NR
Chlamydocapsa planctonica,6,Chlamydocapsa planctonica,measure,0,Chlamydocapsa planctonica,a,0,Chlamydocapsa planctonica,a,0,Chlamydocapsa planctonica,a,0,Chlamydocapsa planctonica,a,0,Chlamydocapsa planctonica,a,0,Chlamydocapsa planctonica,a,0,Chlamydocapsa planctonica,a,1,Chlamydocapsa planctonica,a,1,Chlamydocapsa planctonica,a,1,Chlamydocapsa sp,x,0,NR,NR,0,NR,NR
Chlamydomonas globosa,12,Chlamydomonas globosa,measure,0,Chlamydomonas sp,a,0,Chlamydomonas sp,a,0,Chlamydomonas sp,a,1,Chlamydomonas sp,a,0,Chlamydomonas sp,a,0,Chlamydomonas sp,a,0,Chlamydomonas sp,a,1,Chlamydomonas sp,a,0,Chlamydomonas sp,a,0,NR,NR,0,NR,NR,0,NR,NR
Chlamydomonas sagittula,7,Chlamydomonas sagittula,measure,0,Chlamydomonas sp,a,0,Chlamydomonas sp,a,0,Chlamydomonas sp,a,1,Chlamydomonas sp,a,0,Chlamydomonas sp,a,0,Chlamydomonas sp,a,0,Chlamydomonas sp,a,1,Chlamydomonas sp,a,0,Chlamydomonas sp,a,0,NR,NR,0,NR,NR,0,NR,NR
Chlamydomonas snowiae,12,Chlamydomonas snowiae,measure,0,Chlamydomonas sp,a,0,Chlamydomonas sp,a,0,Chlamydomonas sp,a,1,Chlamydomonas sp,a,0,Chlamydomonas sp,a,0,Chlamydomonas sp,a,0,Chlamydomonas sp,a,1,Chlamydomonas sp,a,0,Chlamydomonas sp,a,0,NR,NR,0,NR,NR,0,NR,NR
Chlamydomonas sp,12.1,Chlamydomonas sp,measure,0,Chlamydomonas sp,a,0,Chlamydomonas sp,a,0,Chlamydomonas sp,a,1,Chlamydomonas sp,a,0,Chlamydomonas sp,a,0,Chlamydomonas sp,a,0,Chlamydomonas sp,a,1,Chlamydomonas sp,a,0,Chlamydomonas sp,a,0,NR,NR,0,NR,NR,0,NR,NR
Chlorella sp,5.8,Chlorella sp,measure,0,Chlorella sp,a,0,Chlorella sp,a,0,Chlorella sp,a,0,Chlorella sp,a,0,Chlorella sp,a,0,Chlorella sp,a,0,Chlorella sp,a,1,Chlorella sp,a,1,Chlorella sp,a,1,Chlorella sp,x,0,NR,NR,0,NR,NR
Chlorolobion braunii,15.5,Chlorolobion braunii,measure,0,Chlorolobion braunii,a,0,Chlorolobion braunii,a,0,Chlorolobion braunii,a,0,Chlorolobion braunii,a,0,Chlorolobion braunii,a,0,Chlorolobion braunii,a,0,Chlorolobion braunii,a,1,Chlorolobion braunii,a,0,Chlorolobion braunii,a,0,NR,NR,0,NR,NR,0,NR,NR
Chloromonas frigida,9.9,Chloromonas frigida,measure,0,Chloromonas angustissima *,a,0,Chloromonas angustissima *,a,0,Chloromonas angustissima *,a,1,Chloromonas sp,a,0,Chloromonas angustissima *,a,0,Chloromonas angustissima *,a,0,Chloromonas angustissima *,a,1,Chloromonas angustissima *,a,0,Chloromonas sp,a,0,NR,NR,0,NR,NR,0,NR,NR
Chromulina sp,10.9,Chromulina sp,measure,0,Chromulina sp,a,0,Chromulina sp,a,0,Chromulina sp,a,1,Chromulina sp,a,1,Chromulina sp,a,0,Chromulina sp,a,1,Chromulina sp,a,0,Chromulina sp,a,0,Chromulina sp,a,0,Chromulina sp,k,0,NR,NR,0,NR,NR
Chromulinaceae,7.6,Chromulinaceae,measure,0,Ochromonas/Chromulina sp,a,0,Ochromonas/Chromulina sp,a,0,Ochromonas/Chromulina sp,a,1,Ochromonas/Chromulina sp,a,1,Ochromonas/Chromulina sp,a,0,Ochromonas/Chromulina sp,a,1,Ochromonas/Chromulina sp,a,0,Ochromonas/Chromulina sp,a,0,Ochromonas/Chromulina sp,a,0,Ochromonas/Chromulina sp,k,0,NR,NR,0,NR,NR
Chroococcus dispersus,7,Chroococcus dispersus,measure,0,Chroococcus dispersus,a,0,Chroococcus dispersus,a,0,Chroococcus dispersus,a,0,Chroococcus dispersus,a,0,Chroococcus dispersus,a,1,Chroococcus dispersus,a,0,Chroococcus dispersus,a,0,Chroococcus dispersus,a,1,Chroococcus dispersus,a,1,Chroococcus sp,x,0,NR,NR,0,NR,NR
Chroococcus sp,7,Chroococcus sp,measure,0,Chroococcus sp,a,0,Chroococcus sp,a,0,Chroococcus sp,a,0,Chroococcus sp,a,0,Chroococcus sp,a,1,Chroococcus sp,a,0,Chroococcus sp,a,0,Chroococcus sp,a,1,Chroococcus sp,a,1,Chroococcus sp,x,0,NR,NR,0,NR,NR
Chrysoikos skujae,5.7,Chrysoikos skujae,measure,0,Chrysolykos skujae *,a,0,Chrysolykos skujae *,a,0,NR,NR,1,Chrysolykos  sp *,x,1,Chrysolykos planctonicus *,w,0,Chrysolykos skujae *,a,1,Chrysophyceae *,a,0,Chrysolykos skujae *,a,0,Chrysolykos sp *,x,0,Chrysolykos sp *,y,1,Chrysolykos sp *,x,0,NR,NR
Chrysolykos planctonicus,5,Chrysolykos planctonicus,measure,0,Chrysolykos planctonicus,a,0,Chrysolykos planctonicus,a,0,NR,NR,1,Chrysolykos  sp,x,1,Chrysolykos planctonicus,w,0,Chrysolykos planctonicus,a,1,Chrysophyceae *,a,0,Chrysolykos planctonicus,a,0,Chrysolykos sp,x,0,Chrysolykos sp,y,1,Chrysolykos sp,x,0,NR,NR
Chrysophyceae,10.6,Chrysophyceae,measure,0,Chrysophyceae,a,0,Chrysophyceae,a,0,Chrysophyceae,a,1,Chrysophyceae,a,1,Chrysophyceae,a,0,Chrysophyceae,a,1,Chrysophyceae,a,0,Chrysophyceae,a,1,Chrysophyceae,a,1,Chrysosphaerella sp,x,1,Chrysosphaerella sp,x,0,NR,NR
Chrysosphaerella longispina,14,Chrysosphaerella longispina,measure,0,Chrysosphaerella longispina,a,0,Chrysosphaerella longispina,a,1,Chrysosphaerella sp,x,1,Chrysosphaerella sp,x,1,Chrysosphaerella sp,w,0,Chrysosphaerella longispina,a,1,Chrysophyceae *,a,0,Chrysosphaerella longispina,a,1,Chrysosphaerella sp,p,1,Chrysosphaerella sp,x,1,Dinobryon sp *,x,0,NR,NR
Cladophora sp,34,Cladophora sp,e,0,Cladophora sp,a,0,Cladophora sp,a,0,Cladophora sp,a,0,NR,NR,0,Cladophora sp,a,0,Cladophora sp,a,0,Cladophora sp,a,1,Cladophora sp,a,1,Cladophora sp,x,0,NR,NR,0,NR,NR,0,NR,NR
Closteriopsis longissima,155.3,Closteriopsis longissima,measure,0,Closteriopsis longissima,a,0,Closteriopsis longissima,a,0,Closteriopsis longissima,a,0,Closteriopsis sp,p,0,Closteriopsis longissima,a,0,Closteriopsis longissima,a,0,Closteriopsis longissima,a,1,Closteriopsis longissima,a,0,Closteriopsis sp,y,0,Closteriopsis sp,x,1,Closteriopsis sp,aa,0,NR,NR
Closterium acutum var. variabile,91.3,Closterium acutum var. variabile,measure,0,Closterium acutum var. variabile,a,0,Closterium acutum var. variabile,a,0,Closterium acutum var. variabile,a,0,Closterium acutum var. variabile,a,0,Closterium acutum var. variabile,a,0,Closterium acutum var. variabile,a,0,Closterium acutum var. variabile,a,1,Closterium acutum var. variabile,a,0,Closterium acutum var. variabile,a,1,Closterium sp,x,0,Closterium sp,aa,0,NR,NR
Closterium sp,100,Closterium sp,measure,0,Closterium sp,a,0,Closterium sp,a,0,Closterium sp,a,0,Closterium sp,a,0,Closterium sp,a,0,Closterium sp,a,0,Closterium sp,a,1,Closterium sp,a,0,Closterium sp,a,1,Closterium sp,x,0,Closterium sp,aa,0,NR,NR
Coccolithophyceae,4.1,Coccolithophyceae,measure,0,Chrysochromulina sp,a,0,Chrysochromulina sp,a,0,Chrysochromulina sp,a,1,Chrysochromulina sp,a,1,Chrysochromulina sp,a,0,Chrysochromulina sp,a,1,Chrysochromulina sp,a,0,Chrysochromulina sp,a,0,Chrysochromulina sp,a,0,Chrysochromulina sp,y,0,NR,NR,0,NR,NR
Cocconeis pediculus,30,Cocconeis pediculus,measure,0,Cocconeis pediculus,a,0,Cocconeis pediculus,a,1,Cocconeis pediculus,a,0,Cocconeis pediculus,a,0,Cocconeis pediculus,a,0,Cocconeis pediculus,a,1,Cocconeis pediculus,a,0,Cocconeis pediculus,a,0,Cocconeis pediculus,a,1,Cocconeis pediculus,l,0,NR,NR,0,NR,NR
Cocconeis placentula,20,Cocconeis placentula,measure,0,Cocconeis placentula,a,0,Cocconeis placentula,a,1,Cocconeis placentula,a,0,Cocconeis placentula,a,0,Cocconeis placentula,a,0,Cocconeis placentula,a,1,Cocconeis placentula,a,0,Cocconeis placentula,a,0,Cocconeis placentula,a,1,Cocconeis placentula,l,0,NR,NR,0,NR,NR
Cocconeis sp,18.3,Cocconeis sp,measure,0,Cocconeis sp,a,0,Cocconeis sp,a,1,Cocconeis sp,a,0,Cocconeis sp,a,0,Cocconeis sp,a,0,Cocconeis sp,a,1,Cocconeis sp,a,0,Cocconeis sp,a,0,Cocconeis sp,a,1,Cocconeis sp,l,0,NR,NR,0,NR,NR
Codonosigopsis sp,10,Codonosigopsis sp,measure,0,Choanoflagellatea *,a,0,Choanoflagellatea *,a,0,Choanoflagellatea *,a,1,Choanoflagellatea *,a,1,Choanoflagellatea *,a,0,Choanoflagellatea *,a,0,Choanoflagellatea *,a,0,Choanoflagellatea *,a,1,Codosiga sp,ab,1,Codonosigidae ,u,0,NR,NR,0,NR,NR
Coelastrum astroideum,24,Coelastrum astroideum,measure,0,Coelastrum astroideum,a,0,Coelastrum astroideum,a,0,Coelastrum astroideum,a,0,Coelastrum astroideum,a,0,Coelastrum astroideum,a,0,Coelastrum astroideum,a,0,Coelastrum astroideum,a,1,Coelastrum astroideum,a,1,Coelastrum astroideum,a,1,Coelastrum sp,aa,0,Coelastrum sp,aa,0,NR,NR
Coelastrum microporum,18,Coelastrum microporum,measure,0,Coelastrum microporum,a,0,Coelastrum microporum,a,0,Coelastrum microporum,a,0,Coelastrum microporum,a,0,Coelastrum microporum,a,0,Coelastrum microporum,a,0,Coelastrum microporum,a,1,Coelastrum microporum,a,1,Coelastrum microporum,a,1,Coelastrum sp,aa,0,Coelastrum sp,aa,0,NR,NR
Coelastrum sphaericum,24.5,Coelastrum sphaericum,measure,0,Coelastrum sphaericum,a,0,Coelastrum sphaericum,a,0,Coelastrum sphaericum,a,0,Coelastrum sphaericum,a,0,Coelastrum sphaericum,a,0,Coelastrum sphaericum,a,0,Coelastrum sphaericum,a,1,Coelastrum sphaericum,a,1,Coelastrum sp,a,1,Coelastrum sp,aa,0,Coelastrum sp,aa,0,NR,NR
Coenochloris fottii,7.8,Coenochloris fottii,measure,0,Coenochloris sp,a,0,Coenochloris sp,a,0,Coenochloris sp,a,0,Coenochloris fottii,h,0,Coenochloris sp,a,0,Coenochloris sp,a,0,Coenochloris sp,a,1,Coenochloris sp,a,1,Coenochloris fottii,h,1,Coenochloris sp,x,0,NR,NR,0,NR,NR
Coenocystis sp,8.5,Coenocystis sp,measure,0,Coenocystis sp,a,0,Coenocystis sp,a,0,Coenocystis sp,a,0,Coenocystis sp,a,0,Coenocystis sp,a,0,Coenocystis sp,a,0,Coenocystis sp,a,1,Coenocystis sp,a,1,Coenocystis sp,a,1,Coenocystis sp,x,0,NR,NR,0,NR,NR
Comasiella arcuata var. platydisca,11.1,Comasiella arcuata var. platydisca,measure,0,Comasiella arcuata var. platydisca,a,0,Comasiella arcuata var. platydisca,a,0,Comasiella arcuata var. platydisca,a,0,Scenedesmus sp *,a,0,Comasiella arcuata var. platydisca,a,0,Comasiella arcuata var. platydisca,a,0,Comasiella arcuata var. platydisca,a,1,Comasiella arcuata var. platydisca,a,1,Scenedesmus arcuatus *,ab,0,NR,NR,0,NR,NR,0,NR,NR
Cosmarium bioculatum,15.5,Cosmarium bioculatum,measure,0,Cosmarium bioculatum,a,0,Cosmarium bioculatum,a,0,Cosmarium bioculatum,a,0,Cosmarium bioculatum,a,0,Cosmarium bioculatum,a,0,Cosmarium bioculatum,a,0,Cosmarium bioculatum,a,1,Cosmarium bioculatum,a,0,Cosmarium sp,a,1,Cosmarium sp,x,0,Cosmarium sp,aa,0,NR,NR
Cosmarium granatum,37,Cosmarium granatum,measure,0,Cosmarium granatum,a,0,Cosmarium granatum,a,0,Cosmarium granatum,a,0,Cosmarium granatum,a,0,Cosmarium granatum,a,0,Cosmarium granatum,a,0,Cosmarium granatum,a,1,Cosmarium granatum,a,0,Cosmarium sp,a,1,Cosmarium sp,x,0,Cosmarium sp,aa,0,NR,NR
Cosmarium sp,13,Cosmarium sp,measure,0,Cosmarium sp,a,0,Cosmarium sp,a,0,Cosmarium sp,a,0,Cosmarium sp,a,0,Cosmarium sp,a,0,Cosmarium sp,a,0,Cosmarium sp,a,1,Cosmarium sp,a,0,Cosmarium sp,a,1,Cosmarium sp,x,0,Cosmarium sp,aa,0,NR,NR
Cosmarium subcrenatum,21,Cosmarium subcrenatum,measure,0,Cosmarium sp,a,0,Cosmarium sp,a,0,Cosmarium sp,a,0,Cosmarium sp,a,0,Cosmarium sp,a,0,Cosmarium sp,a,0,Cosmarium sp,a,1,Cosmarium sp,a,0,Cosmarium sp,a,1,Cosmarium sp,x,0,Cosmarium sp,aa,0,NR,NR
Crucigenia quadrata,5.2,Crucigenia quadrata,measure,0,Crucigenia quadrata,a,0,Crucigenia quadrata,a,0,Crucigenia quadrata,a,0,Crucigenia quadrata,a,0,Crucigenia quadrata,a,0,Crucigenia quadrata,a,0,Crucigenia quadrata,a,1,Crucigenia quadrata,a,1,Crucigenia quadrata,a,1,Crucigenia sp,x,0,NR,NR,0,NR,NR
Crucigenia tetrapedia,8.6,Crucigenia tetrapedia,measure,0,Crucigenia tetrapedia,a,0,Crucigenia tetrapedia,a,0,Crucigenia tetrapedia,a,0,Crucigenia tetrapedia,a,0,Crucigenia tetrapedia,a,0,Crucigenia tetrapedia,a,0,Crucigenia tetrapedia,a,1,Crucigenia tetrapedia,a,1,Crucigenia tetrapedia,a,1,Crucigenia sp,x,0,NR,NR,0,NR,NR
Cryptomonas curvata,34.8,Cryptomonas curvata,measure,0,Cryptomonas curvata,a,0,Cryptomonas curvata,a,0,Cryptomonas curvata,a,1,Cryptomonas curvata,a,1,Cryptomonas sp,a,1,Cryptomonas curvata,a,1,Cryptomonas sp,a,0,Cryptomonas curvata,a,0,Cryptomonas sp,a,1,Cryptomonas sp,x,0,NR,NR,0,NR,NR
Cryptomonas erosa,26.1,Cryptomonas erosa,measure,0,Cryptomonas erosa,a,0,Cryptomonas erosa,a,0,Cryptomonas erosa,a,1,Cryptomonas erosa,a,1,Cryptomonas erosa,a,1,Cryptomonas erosa,a,0,Cryptomonas erosa,a,0,Cryptomonas erosa,a,0,Cryptomonas erosa,a,1,Cryptomonas sp,x,0,NR,NR,0,NR,NR
Cryptomonas marssonii,17.8,Cryptomonas marssonii,measure,0,Cryptomonas marssonii,a,0,Cryptomonas marssonii,a,0,Cryptomonas marssonii,a,1,Cryptomonas marssonii,a,1,Cryptomonas marssonii,a,1,Cryptomonas marssonii,a,0,Cryptomonas marssonii,a,0,Cryptomonas marssonii,a,0,Cryptomonas marssonii,a,1,Cryptomonas sp,x,0,NR,NR,0,NR,NR
Cryptomonas phaseolus,13.6,Cryptomonas phaseolus,measure,0,Cryptomonas sp,a,0,Cryptomonas sp,a,0,Cryptomonas sp,a,1,Cryptomonas sp,a,1,Cryptomonas sp,a,1,Cryptomonas sp,a,1,Cryptomonas sp,a,0,Cryptomonas sp,a,0,Cryptomonas sp,a,1,Cryptomonas sp,x,0,NR,NR,0,NR,NR
Cryptomonas pyrenoidifera,23.3,Cryptomonas pyrenoidifera,measure,0,Cryptomonas pyrenoidifera,a,0,Cryptomonas pyrenoidifera,a,0,Cryptomonas pyrenoidifera,a,1,Cryptomonas pyrenoidifera,a,1,Cryptomonas sp,a,1,Cryptomonas pyrenoidifera,a,1,Cryptomonas sp,a,0,Cryptomonas pyrenoidifera,a,0,Cryptomonas sp,a,1,Cryptomonas sp,x,0,NR,NR,0,NR,NR
Cryptomonas tenuis,14.3,Cryptomonas tenuis,measure,0,Cryptomonas sp,a,0,Cryptomonas sp,a,0,Cryptomonas sp,a,1,Cryptomonas sp,a,1,Cryptomonas sp,a,1,Cryptomonas sp,a,1,Cryptomonas sp,a,0,Cryptomonas sp,a,0,Cryptomonas sp,a,1,Cryptomonas sp,x,0,NR,NR,0,NR,NR
Cuspidothrix issatschenkoi,7.5,Cuspidothrix issatschenkoi,measure,1,Cuspidothrix issatschenkoi,x,1,Cuspidothrix issatschenkoi,x,0,Cuspidothrix issatschenkoi,x,0,Cuspidothrix issatschenkoi,x,0,Aphanizomenon sp *,a,1,Aphanizomenon sp *,a,0,Aphanizomenon sp *,a,0,Aphanizomenon sp *,a,1,Cuspidothrix issatschenkoi,x,1,Aphanizomenon sp *,x,0,NR,NR,1,Cuspidothrix issatschenkoi,b
Cyclotella choctawhatcheeana,7.5,Cyclotella choctawhatcheeana,measure,0,Cyclotella choctawhatcheeana,a,0,Cyclotella choctawhatcheeana,a,1,Cyclotella choctawhatcheeana,a,0,Cyclotella choctawhatcheeana,a,0,Cyclotella choctawhatcheeana,a,0,Cyclotella choctawhatcheeana,a,1,Cyclotella choctawhatcheeana,a,0,Cyclotella choctawhatcheeana,a,1,Cyclotella choctawhatcheeana,a,1,Cyclotella sp,x,0,NR,NR,0,NR,NR
Cyclotella meneghiniana,10.3,Cyclotella meneghiniana,measure,0,Cyclotella meneghiniana,a,0,Cyclotella meneghiniana,a,1,Cyclotella meneghiniana,a,0,Cyclotella meneghiniana,a,0,Cyclotella meneghiniana,a,0,Cyclotella meneghiniana,a,1,Cyclotella meneghiniana,a,0,Cyclotella meneghiniana,a,0,Cyclotella meneghiniana,a,1,Cyclotella sp,x,1,Cyclotella meneghiniana,f,0,NR,NR
Cylindrospermum minimum,3,Cylindrospermum minimum,measure,1,Cylindrospermum sp,m,0,Cylindrospermum sp,m,0,Cylindrospermum minimum,a,0,Cylindrospermum minimum,a,0,Cylindrospermum minimum,a,1,Cylindrospermum minimum,a,0,Cylindrospermum minimum,a,0,Cylindrospermum minimum,a,1,Cylindrospermum sp,m,1,Cylindrospermum sp,m,0,NR,NR,1,Cylindrospermum sp,b
Cylindrotheca gracilis,106,Cylindrotheca gracilis,measure,0,Cylindrotheca gracilis,a,0,Cylindrotheca gracilis,a,1,Cylindrotheca gracilis,a,0,Cylindrotheca gracilis,a,0,Cylindrotheca gracilis,a,0,Cylindrotheca gracilis,a,1,Cylindrotheca gracilis,a,0,Cylindrotheca gracilis,a,0,Cylindrotheca gracilis,a,0,NR,NR,1,Cylindrotheca sp,f,0,NR,NR
Cymbella sp,50,Cymbella sp,measure,0,Cymbella sp,a,0,Cymbella sp,a,1,Cymbella sp,a,0,Cymbella sp,a,0,Cymbella sp,a,0,Cymbella sp,a,1,Cymbella sp,a,0,Cymbella sp,a,0,Cymbella sp,a,0,NR,NR,0,NR,NR,0,NR,NR
Cymbopleura cuspidata,50,Cymbopleura cuspidata,measure,0,Cymbella sp *,a,0,Cymbella sp *,a,1,Cymbopleura naviculiformis *,a,0,Cymbopleura naviculiformis *,a,0,Cymbopleura naviculiformis *,a,0,Cymbopleura naviculiformis *,a,1,Cymbopleura naviculiformis *,a,0,Cymbopleura naviculiformis *,a,0,Cymbella sp *,a,0,NR,NR,0,NR,NR,0,NR,NR
Delicata delicatula,30,Delicata delicatula,measure,0,Cymbella sp *,a,0,Cymbella sp *,a,1,Cymbella sp *,a,0,Cymbella sp *,a,0,Cymbella sp *,a,0,Cymbella sp *,a,1,Cymbella sp *,a,0,Cymbella sp *,a,0,Cymbella sp *,a,0,NR,NR,0,NR,NR,0,NR,NR
Denticula sp,23,Denticula sp,measure,0,Denticula sp,a,0,Denticula sp,a,1,Denticula sp,a,0,Denticula sp,a,0,Denticula sp,a,0,Denticula sp,a,1,Denticula sp,a,0,Denticula sp,a,0,Denticula sp,f,0,NR,NR,0,NR,NR,0,NR,NR
Desmarella moniliformis,7,Desmarella moniliformis,measure,0,Desmarella moniliformis,a,0,Desmarella moniliformis,a,0,Desmarella moniliformis,a,1,Desmarella moniliformis,a,1,Desmarella moniliformis,a,0,Desmarella moniliformis,a,0,Desmarella moniliformis,a,0,Desmarella moniliformis,a,1,Desmarella moniliformis,a,1,Codonosigidae ,u,0,NR,NR,0,NR,NR
Desmodesmus bicaudatus,10,Desmodesmus bicaudatus,measure,0,Desmodesmus bicaudatus,a,0,Desmodesmus bicaudatus,a,0,Desmodesmus bicaudatus,a,0,Desmodesmus bicaudatus,a,0,Desmodesmus bicaudatus,a,0,Desmodesmus bicaudatus,a,0,Desmodesmus bicaudatus,a,1,Desmodesmus bicaudatus,a,1,Desmodesmus bicaudatus,a,1,Desmodesmus sp,r,1,Desmodesmus sp,aa,0,NR,NR
Desmodesmus bicellularis,8.8,Desmodesmus bicellularis,measure,0,Desmodesmus bicellularis,a,0,Desmodesmus bicellularis,a,0,Desmodesmus bicellularis,a,0,Desmodesmus bicellularis,a,0,Desmodesmus bicellularis,a,0,Desmodesmus bicellularis,a,0,Desmodesmus bicellularis,a,1,Desmodesmus bicellularis,a,1,Desmodesmus bicellularis,a,1,Desmodesmus sp,r,1,Desmodesmus sp,aa,0,NR,NR
Desmodesmus intermedius,9,Desmodesmus intermedius,measure,0,Desmodesmus intermedius,a,0,Desmodesmus intermedius,a,0,Desmodesmus intermedius,a,0,Desmodesmus intermedius,a,0,Desmodesmus intermedius,a,0,Desmodesmus intermedius,a,0,Desmodesmus intermedius,a,1,Desmodesmus intermedius,a,1,Desmodesmus intermedius,a,1,Desmodesmus sp,r,1,Desmodesmus sp,aa,0,NR,NR
Desmodesmus opoliensis,9.7,Desmodesmus opoliensis,measure,0,Desmodesmus opoliensis,a,0,Desmodesmus opoliensis,a,0,Desmodesmus opoliensis,a,0,Desmodesmus opoliensis,a,0,Desmodesmus opoliensis,a,0,Desmodesmus opoliensis,a,0,Desmodesmus opoliensis,a,1,Desmodesmus opoliensis,a,1,Desmodesmus opoliensis,a,1,Desmodesmus sp,r,1,Desmodesmus sp,aa,0,NR,NR
Diatoma tenuis,48.7,Diatoma tenuis,measure,0,Diatoma tenuis,a,0,Diatoma tenuis,a,1,Diatoma tenuis,a,0,Diatoma tenuis,a,0,Diatoma tenuis,a,0,Diatoma tenuis,a,1,Diatoma tenuis,a,0,Diatoma tenuis,a,1,Diatoma tenuis,a,0,NR,NR,0,NR,NR,0,NR,NR
Diatoma vulgaris,40,Diatoma vulgaris,measure,0,Diatoma vulgaris,a,0,Diatoma vulgaris,a,1,Diatoma vulgaris,a,0,Diatoma vulgaris,a,0,Diatoma vulgaris,a,0,Diatoma vulgaris,a,1,Diatoma vulgaris,a,0,Diatoma vulgaris,a,1,Diatoma vulgaris,a,0,NR,NR,0,NR,NR,0,NR,NR
Dictyosphaerium ehrenbergianum,5.8,Dictyosphaerium ehrenbergianum,measure,0,Dictyosphaerium ehrenbergianum,a,0,Dictyosphaerium ehrenbergianum,a,0,Dictyosphaerium ehrenbergianum,a,0,Dictyosphaerium ehrenbergianum,a,0,Dictyosphaerium ehrenbergianum,a,0,Dictyosphaerium ehrenbergianum,a,0,Dictyosphaerium ehrenbergianum,a,1,Dictyosphaerium ehrenbergianum,a,1,Dictyosphaerium ehrenbergianum,a,1,Dictyosphaerium sp,x,0,NR,NR,0,NR,NR
Dictyosphaerium subsolitarium,3.5,Dictyosphaerium subsolitarium,measure,0,Dictyosphaerium subsolitarium,a,0,Dictyosphaerium subsolitarium,a,0,Dictyosphaerium subsolitarium,a,0,Dictyosphaerium subsolitarium,a,0,Dictyosphaerium subsolitarium,a,0,Dictyosphaerium subsolitarium,a,0,Dictyosphaerium subsolitarium,a,1,Dictyosphaerium subsolitarium,a,1,Dictyosphaerium subsolitarium,a,1,Dictyosphaerium sp,x,0,NR,NR,0,NR,NR
Dinobryon acuminatum,9.7,Dinobryon acuminatum,measure,0,Dinobryon acuminatum,a,0,Dinobryon acuminatum,a,0,Dinobryon acuminatum,a,1,Dinobryon acuminatum,a,1,Dinobryon acuminatum,a,0,Dinobryon acuminatum,a,1,Dinobryon acuminatum,a,0,Dinobryon acuminatum,a,0,Dinobryon acuminatum,a,0,Dinobryon sp,x,1,Dinobryon sp,x,0,NR,NR
Dinobryon bavaricum,13.7,Dinobryon bavaricum,measure,0,Dinobryon bavaricum,a,0,Dinobryon bavaricum,a,0,Dinobryon bavaricum,a,1,Dinobryon bavaricum,a,1,Dinobryon bavaricum,a,0,Dinobryon bavaricum,a,1,Dinobryon bavaricum,a,0,Dinobryon bavaricum,a,1,Dinobryon bavaricum,a,0,Dinobryon sp,x,1,Dinobryon sp,x,0,NR,NR
Dinobryon borgei,7.5,Dinobryon borgei,measure,0,Dinobryon borgei,a,0,Dinobryon borgei,a,0,Dinobryon borgei,a,1,Dinobryon borgei,a,1,Dinobryon borgei,a,0,Dinobryon borgei,a,1,Dinobryon borgei,a,0,Dinobryon borgei,a,0,Dinobryon borgei,a,0,Dinobryon sp,x,1,Dinobryon sp,x,0,NR,NR
Dinobryon dilatatum,7.5,Dinobryon dilatatum,measure,0,Dinobryon sp,a,0,Dinobryon sp,a,0,Dinobryon sp,a,1,Dinobryon sp,a,1,Dinobryon sp,a,0,Dinobryon sp,a,1,Dinobryon sp,a,0,Dinobryon sp,a,1,Dinobryon sp,a,0,Dinobryon sp,x,1,Dinobryon sp,x,0,NR,NR
Dinobryon divergens,14.2,Dinobryon divergens,measure,0,Dinobryon divergens,a,0,Dinobryon divergens,a,0,Dinobryon divergens,a,1,Dinobryon divergens,a,1,Dinobryon divergens,a,0,Dinobryon divergens,a,1,Dinobryon divergens,a,0,Dinobryon divergens,a,1,Dinobryon divergens,a,0,Dinobryon sp,x,1,Dinobryon sp,x,0,NR,NR
Dinobryon sociale,12.2,Dinobryon sociale,measure,0,Dinobryon sociale,a,0,Dinobryon sociale,a,0,Dinobryon sociale,a,1,Dinobryon sociale,a,1,Dinobryon sociale,a,0,Dinobryon sociale,a,1,Dinobryon sociale,a,0,Dinobryon sociale,a,1,Dinobryon sociale,a,0,Dinobryon sp,x,1,Dinobryon sp,x,0,NR,NR
Dinobryon sociale var. americanum,14,Dinobryon sociale var. americanum,measure,0,Dinobryon sociale *,a,0,Dinobryon sociale *,a,0,Dinobryon sociale *,a,1,Dinobryon sociale *,a,1,Dinobryon sociale *,a,0,Dinobryon sociale *,a,1,Dinobryon sociale *,a,0,Dinobryon sociale *,a,1,Dinobryon sociale,a,0,Dinobryon sp,x,1,Dinobryon sp,x,0,NR,NR
Dinobryon sociale var. stipitatum,14.8,Dinobryon sociale var. stipitatum,measure,0,Dinobryon sociale *,a,0,Dinobryon sociale *,a,0,Dinobryon sociale *,a,1,Dinobryon sociale *,a,1,Dinobryon sociale *,a,0,Dinobryon sociale *,a,1,Dinobryon sociale *,a,0,Dinobryon sociale *,a,1,Dinobryon sociale,a,0,Dinobryon sp,x,1,Dinobryon sp,x,0,NR,NR
Dinobryon sp,14.2,Dinobryon sp,measure,0,Dinobryon sp,a,0,Dinobryon sp,a,0,Dinobryon sp,a,1,Dinobryon sp,a,1,Dinobryon sp,a,0,Dinobryon sp,a,1,Dinobryon sp,a,0,Dinobryon sp,a,1,Dinobryon sp,a,0,Dinobryon sp,x,1,Dinobryon sp,x,0,NR,NR
Diplochloris decussata,7.5,Diplochloris decussata,measure,0,Chlorophyceae *,a,0,Chlorophyceae *,a,0,Chlorophyceae *,a,0,Diplochloris sp,x,0,Chlorophyceae *,a,0,Chlorophyceae *,a,0,Chlorophyceae *,a,1,Chlorophyceae *,a,1,Diplochloris sp,y,1,Diplochloris sp,x,1,Diplochloris sp,m,0,NR,NR
Diplochloris lunata,4,Diplochloris lunata,measure,0,Chlorophyceae *,a,0,Chlorophyceae *,a,0,Chlorophyceae *,a,0,Diplochloris sp,x,0,Chlorophyceae *,a,0,Chlorophyceae *,a,0,Chlorophyceae *,a,1,Chlorophyceae *,a,1,Diplochloris sp,y,1,Diplochloris sp,x,1,Diplochloris sp,m,0,NR,NR
Diplochloris sp,5,Diplochloris sp,measure,0,Chlorophyceae *,a,0,Chlorophyceae *,a,0,Chlorophyceae *,a,0,Diplochloris sp,x,0,Chlorophyceae *,a,0,Chlorophyceae *,a,0,Chlorophyceae *,a,1,Chlorophyceae *,a,1,Diplochloris sp,y,1,Diplochloris sp,x,1,Diplochloris sp,m,0,NR,NR
Discostella pseudostelligera,5.5,Discostella pseudostelligera,measure,0,Discostella pseudostelligera,a,0,Discostella pseudostelligera,a,1,Discostella pseudostelligera,a,0,Discostella pseudostelligera,a,0,Discostella pseudostelligera,a,0,Discostella pseudostelligera,a,1,Discostella pseudostelligera,a,0,Discostella stelligera *,a,0,Discostella pseudostelligera,f,1,Cyclotella sp,x,0,Cyclotella pseudostelligera,l,0,NR,NR
Dolichospermum affine,9.2,Dolichospermum affine,measure,1,Dolichospermum affine,a,1,Dolichospermum flosaquae *,a,0,Dolichospermum affine,a,0,Dolichospermum affine,a,0,Dolichospermum affine,a,1,Dolichospermum affine,a,0,Dolichospermum affine,a,0,Dolichospermum affine,a,1,Dolichospermum flosaquae *,a,1,Dolichospermum sp,x,0,NR,NR,1,Dolichospermum sp,b
Dolichospermum crassum,10,Dolichospermum crassum,measure,1,Dolichospermum flosaquae *,a,1,Dolichospermum flosaquae *,a,0,Dolichospermum crassum,a,0,Anabaena sp *,a,0,Anabaena sp *,a,1,Anabaena sp *,a,0,Anabaena sp *,a,0,Anabaena sp *,a,1,Anabaena sp *,a,1,Dolichospermum sp,x,0,NR,NR,1,Dolichospermum sp,b
Dolichospermum flosaquae,10.5,Dolichospermum flosaquae,measure,1,Dolichospermum flosaquae,a,1,Dolichospermum flosaquae,a,0,Dolichospermum flosaquae,a,0,Dolichospermum flosaquae,a,0,Dolichospermum flosaquae,a,1,Dolichospermum flosaquae,a,0,Dolichospermum flosaquae,a,0,Dolichospermum flosaquae,a,1,Dolichospermum flosaquae,a,1,Dolichospermum sp,x,0,NR,NR,1,Dolichospermum flosaquae,b
Dolichospermum mendotae,8.5,Dolichospermum mendotae,measure,1,Dolichospermum flosaquae *,a,1,Dolichospermum flosaquae *,a,0,Dolichospermum mendotae,a,0,Anabaena sp *,a,0,Anabaena sp *,a,1,Anabaena sp *,a,0,Anabaena sp *,a,0,Anabaena sp *,a,1,Anabaena sp *,a,1,Dolichospermum sp,x,0,NR,NR,1,Dolichospermum mendotae,b
Dolichospermum sigmoideum,7.9,Dolichospermum sigmoideum,measure,1,Dolichospermum sigmoideum,a,1,Dolichospermum sigmoideum,a,0,Dolichospermum sigmoideum,a,0,Dolichospermum sigmoideum,a,0,Dolichospermum sigmoideum,a,1,Dolichospermum sigmoideum,a,0,Dolichospermum sigmoideum,a,0,Dolichospermum sigmoideum,a,1,Dolichospermum sigmoideum,a,1,Dolichospermum sp,x,0,NR,NR,1,Dolichospermum circinale *,b
Dolichospermum solitarium,10,Dolichospermum solitarium,measure,1,Dolichospermum flosaquae *,a,1,Dolichospermum flosaquae *,a,0,Dolichospermum solitarium,a,0,Anabaena sp *,a,0,Anabaena sp *,a,1,Anabaena sp *,a,0,Anabaena sp *,a,0,Anabaena sp *,a,1,Anabaena sp *,a,1,Dolichospermum sp,x,0,NR,NR,1,Dolichospermum sp,b
Dolichospermum spiroides,9.8,Dolichospermum spiroides,measure,1,Dolichospermum spiroides,a,1,Dolichospermum spiroides,a,0,Dolichospermum spiroides,a,0,Dolichospermum spiroides,a,0,Dolichospermum spiroides,a,1,Dolichospermum spiroides,a,0,Dolichospermum spiroides,a,0,Dolichospermum spiroides,a,1,Dolichospermum spiroides,a,1,Dolichospermum sp,x,0,NR,NR,1,Dolichospermum spiroides,b
Elakatothrix gelatinosa,11.3,Elakatothrix gelatinosa,measure,0,Elakatothrix gelatinosa,a,0,Elakatothrix gelatinosa,a,0,Elakatothrix gelatinosa,a,0,Elakatothrix gelatinosa,a,0,Elakatothrix gelatinosa,a,0,Elakatothrix gelatinosa,a,0,Elakatothrix gelatinosa,a,1,Elakatothrix gelatinosa,a,1,Elakatothrix gelatinosa,a,1,Elakatothrix sp,x,0,NR,NR,0,NR,NR
Elakatothrix genevensis,15,Elakatothrix genevensis,measure,0,Elakatothrix genevensis,a,0,Elakatothrix genevensis,a,0,Elakatothrix genevensis,a,0,Elakatothrix genevensis,a,0,Elakatothrix genevensis,a,0,Elakatothrix genevensis,a,0,Elakatothrix genevensis,a,1,Elakatothrix genevensis,a,1,Elakatothrix genevensis,k,1,Elakatothrix sp,x,0,NR,NR,0,NR,NR
Entomoneis paludosa,80,Entomoneis paludosa,measure,0,Entomoneis paludosa,a,0,Entomoneis paludosa,a,1,Entomoneis paludosa,a,0,Entomoneis paludosa,a,0,Entomoneis paludosa,a,0,Entomoneis paludosa,a,1,Entomoneis paludosa,a,0,Entomoneis paludosa,a,0,Entomoneis paludosa,a,0,NR,NR,0,NR,NR,0,NR,NR
Epipyxis sp,6.3,Epipyxis sp,measure,0,Epipyxis sp,a,0,Epipyxis sp,a,1,Epipyxis sp,m,1,Epipyxis sp,x,1,Epipyxis sp,m,0,Epipyxis sp,a,1,Chrysophyceae *,a,0,Epipyxis sp,a,0,Epipyxis sp,ab,0,Epipyxis sp,x,1,Epipyxis sp,x,0,NR,NR
Eremosphaera eremosphaeria,26.6,Eremosphaera eremosphaeria,measure,0,Oocystis sp *,a,0,Oocystis sp *,a,0,Oocystis sp *,a,0,Oocystis sp *,a,0,Oocystis sp *,a,0,Oocystis sp *,a,0,Oocystis sp *,a,1,Oocystis sp *,a,1,Eremosphaera sp,x,1,Eremosphaera sp,aa,0,NR,NR,0,NR,NR
Eremosphaera gigas,25.3,Eremosphaera gigas,measure,0,Oocystis sp *,a,0,Oocystis sp *,a,0,Oocystis sp *,a,0,Oocystis sp *,a,0,Oocystis sp *,a,0,Oocystis sp *,a,0,Oocystis sp *,a,1,Oocystis sp *,a,1,Eremosphaera sp,x,1,Eremosphaera sp,aa,0,NR,NR,0,NR,NR
Eudorina elegans,11,Eudorina elegans,measure,0,Eudorina elegans,a,0,Eudorina elegans,a,0,Eudorina elegans,a,1,Eudorina elegans,a,0,Eudorina elegans,a,0,Eudorina elegans,a,0,Eudorina elegans,a,1,Eudorina elegans,a,1,Eudorina elegans,a,1,Eudorina sp,x,0,NR,NR,0,NR,NR
Eudorina sp,9.9,Eudorina sp,measure,0,Eudorina elegans,a,0,Eudorina elegans,a,0,Eudorina elegans,a,1,Eudorina elegans,a,0,Eudorina elegans,a,0,Eudorina elegans,a,0,Eudorina elegans,a,1,Eudorina elegans,a,1,Eudorina elegans,a,1,Eudorina sp,x,0,NR,NR,0,NR,NR
Euglena sp,40.7,Euglena sp,measure,0,Euglena sp,a,0,Euglena sp,a,0,Euglena sp,a,1,Euglena sp,a,1,Euglena sp,x,0,Euglena sp,a,0,Euglena sp,a,1,Euglena sp,a,0,Euglena sp,a,0,Euglena sp,m,0,NR,NR,1,Euglena sp,q
Eutetramorus sp,9,Eutetramorus sp,measure,0,Eutetramorus sp,a,0,Eutetramorus sp,a,0,Eutetramorus sp,a,0,Eutetramorus sp,x,0,Eutetramorus sp,a,0,Eutetramorus sp,a,0,Eutetramorus sp,a,1,Eutetramorus sp,a,1,Eutetramorus sp,a,1,Eutetramorus sp,x,0,NR,NR,0,NR,NR
Fragilaria capucina,51.2,Fragilaria capucina,measure,0,Fragilaria capucina,a,0,Fragilaria capucina,a,1,Fragilaria capucina,a,0,Fragilaria capucina,a,0,Fragilaria capucina,a,0,Fragilaria capucina,a,1,Fragilaria capucina,a,0,Fragilaria capucina,a,1,Fragilaria capucina,a,0,NR,NR,1,Fragilaria sp,aa,0,NR,NR
Fragilaria crotonensis,91.3,Fragilaria crotonensis,measure,0,Fragilaria crotonensis,a,0,Fragilaria crotonensis,a,1,Fragilaria crotonensis,a,0,Fragilaria crotonensis,a,0,Fragilaria crotonensis,a,0,Fragilaria crotonensis,a,1,Fragilaria crotonensis,a,0,Fragilaria crotonensis,a,1,Fragilaria crotonensis,f,0,NR,NR,1,Fragilaria sp,aa,0,NR,NR
Fragilariaceae,83.4,Fragilariaceae,measure,0,Fragilariaceae,a,0,Fragilariaceae,a,1,Fragilariaceae,a,0,Fragilaria,a,0,Fragilariaceae,a,0,Fragilariaceae,a,1,Fragilariaceae,a,0,Fragilariaceae,a,1,Fragilaria sp,a,1,Synedra sp,l,1,Fragilaria sp,aa,0,NR,NR
Franceia droescheri,10,Franceia droescheri,measure,0,Franceia sp,a,0,Franceia sp,a,0,Franceia droescheri,a,0,Trebouxiophyceae *,a,0,Franceia sp,a,0,Franceia sp,a,0,Franceia sp,a,1,Franceia sp,a,0,Franceia sp,x,1,Franceia sp,x,1,Franceia sp,aa,0,NR,NR
Glenodinium sp,22.2,Glenodinium sp,measure,0,Glenodinium sp,a,0,Glenodinium sp,a,0,Glenodinium sp,a,1,Glenodinium sp,a,1,Glenodinium sp,a,0,Glenodinium sp,a,1,Glenodinium sp,a,0,Glenodinium sp,a,0,Glenodinium sp,a,0,NR,NR,0,NR,NR,0,NR,NR
Gloeocystis sp,6.8,Gloeocystis sp,measure,0,Gloeocystis sp,a,0,Gloeocystis sp,a,0,Gloeocystis sp,a,0,Gloeocystis sp,p,0,Gloeocystis sp,a,0,Gloeocystis sp,a,0,Gloeocystis sp,a,1,Gloeocystis sp,a,1,Gloeocystis sp,x,1,Gloeocystis sp,x,0,NR,NR,0,NR,NR
Gloeotila sp,20,Gloeotila sp,measure,0,Gloeotila sp,a,0,Gloeotila sp,a,0,Gloeotila sp,a,0,Trebouxiophyceae *,a,0,Gloeotila sp,a,0,Gloeotila sp,a,0,Gloeotila sp,a,1,Gloeotila sp,a,1,Gloeotila sp,aa,1,Gloeotila sp,aa,0,NR,NR,0,NR,NR
Gloeotrichia echinulata,8,Gloeotrichia echinulata,n,1,Gloeotrichia sp,x,1,Gloeotrichia sp,m,0,Gloeotrichia sp,a,0,Gloeotrichia sp,a,0,Gloeotrichia sp,a,1,Gloeotrichia sp,a,0,Gloeotrichia sp,a,0,Gloeotrichia sp,a,1,Gloeotrichia sp,m,1,Gloeotrichia sp,m,0,NR,NR,1,Gloeotrichia sp,z
Gloeotrichia sp,6,Gloeotrichia echinulata,n,1,Gloeotrichia sp,x,1,Gloeotrichia sp,m,0,Gloeotrichia sp,a,0,Gloeotrichia sp,a,0,Gloeotrichia sp,a,1,Gloeotrichia sp,a,0,Gloeotrichia sp,a,0,Gloeotrichia sp,a,1,Gloeotrichia sp,a,1,Gloeotrichia sp,m,0,NR,NR,1,Gloeotrichia sp,z
Golenkinia radiata,11,Golenkinia radiata,measure,0,Golenkinia radiata,a,0,Golenkinia radiata,a,0,Golenkinia radiata,a,0,Golenkinia radiata,a,0,Golenkinia radiata,a,0,Golenkinia radiata,a,0,Golenkinia radiata,a,1,Golenkinia radiata,a,0,Golenkinia radiata,a,1,Golenkinia sp,x,1,Golenkinia sp,x,0,NR,NR
Gomphonema sp,22.7,Gomphonema sp,measure,0,Gomphonema sp,a,0,Gomphonema sp,a,1,Gomphonema sp,a,0,Gomphonema sp,a,0,Gomphonema sp,a,0,Gomphonema sp,a,1,Gomphonema sp,a,0,Gomphonema sp,a,1,Gomphonema sp,aa,1,Gomphonema sp,aa,0,NR,NR,0,NR,NR
Gomphosphaeria aponina,8.3,Gomphosphaeria aponina,measure,0,Gomphosphaeria aponina,a,0,Gomphosphaeria aponina,a,0,Gomphosphaeria aponina,a,0,Gomphosphaeria aponina,a,0,Gomphosphaeria aponina,a,1,Gomphosphaeria aponina,a,0,Gomphosphaeria aponina,a,0,Gomphosphaeria aponina,a,1,Gomphosphaeria aponina,a,1,Gomphosphaeria sp,x,0,NR,NR,0,NR,NR
Goniochloris mutica,10,Goniochloris mutica,measure,0,Goniochloris mutica,a,0,Goniochloris mutica,a,0,Goniochloris mutica,a,0,Goniochloris mutica,a,0,Goniochloris mutica,a,0,Goniochloris mutica,a,1,Goniochloris mutica,a,0,Goniochloris mutica,a,0,Goniochloris mutica,a,1,Goniochloris sp,x,0,NR,NR,0,NR,NR
Gregiochloris lacustris,16,Gregiochloris lacustris,measure,0,Quadrigula sp *,a,0,Quadrigula sp *,a,0,Gregiochloris lacustris,a,0,Quadrigula sp *,p,0,Quadrigula sp *,a,0,Quadrigula sp *,a,0,Quadrigula sp *,a,1,Quadrigula sp *,a,1,Quadrigula sp *,p,1,Quadrigula sp *,x,0,NR,NR,0,NR,NR
Gymnodinium lantzschii,15.5,Gymnodinium lantzschii,measure,0,Gymnodinium lantzschii,a,0,Gymnodinium lantzschii,a,0,Gymnodinium lantzschii,a,1,Gymnodinium lantzschii,a,1,Gymnodinium lantzschii,a,0,Gymnodinium lantzschii,a,1,Gymnodinium lantzschii,a,0,Gymnodinium lantzschii,a,0,Gymnodinium lantzschii,a,0,NR,NR,0,NR,NR,0,NR,NR
Gymnodinium mitratum,24,Gymnodinium mitratum,measure,0,Gymnodinium sp,a,0,Gymnodinium sp,a,0,Gymnodinium sp,a,1,Gymnodinium sp,a,1,Gymnodinium sp,a,0,Gymnodinium sp,a,1,Gymnodinium sp,a,0,Gymnodinium sp,a,0,Gymnodinium sp,a,0,NR,NR,0,NR,NR,0,NR,NR
Gymnodinium sp,26.8,Gymnodinium sp,measure,0,Gymnodinium sp,a,0,Gymnodinium sp,a,0,Gymnodinium sp,a,1,Gymnodinium sp,a,1,Gymnodinium sp,a,0,Gymnodinium sp,a,1,Gymnodinium sp,a,0,Gymnodinium sp,a,0,Gymnodinium sp,a,0,NR,NR,0,NR,NR,0,NR,NR
Hyaloraphidium contortum,35,Hyaloraphidium contortum,measure,0,Chlorophyceae *,a,0,Chlorophyceae *,a,0,Chlorophyceae *,a,0,NR,NR,0,Chlorophyceae *,a,0,Chlorophyceae *,a,0,Chlorophyceae *,a,1,Chlorophyceae *,a,0,NR,NR,0,NR,NR,0,NR,NR,0,NR,NR
Katablepharis ovalis,10.9,Katablepharis ovalis,measure,0,Katablepharis ovalis,a,0,Katablepharis ovalis,a,0,Katablepharis ovalis,a,1,Katablepharis ovalis,a,1,Katablepharis ovalis,a,0,Katablepharis ovalis,a,0,Katablepharis ovalis,a,0,Katablepharis ovalis,a,0,Katablepharis ovalis,a,0,NR,NR,0,NR,NR,0,NR,NR
Kephyrion boreale,7,Kephyrion boreale,measure,0,Kephyrion sp,a,0,Kephyrion sp,a,0,Kephyrion sp,a,1,Kephyrion sp,a,1,Kephyrion sp,a,0,Kephyrion sp,a,1,Kephyrion sp,a,0,Kephyrion sp,a,0,Kephyrion sp,a,0,Kephyrion sp,y,0,Kephyrion sp,y,0,NR,NR
Kephyrion cupuliforme,5.3,Kephyrion cupuliforme,measure,0,Kephyrion sp,a,0,Kephyrion sp,a,0,Kephyrion sp,a,1,Kephyrion sp,a,1,Kephyrion sp,a,0,Kephyrion sp,a,1,Kephyrion sp,a,0,Kephyrion sp,a,0,Kephyrion sp,a,0,Kephyrion sp,y,0,Kephyrion sp,y,0,NR,NR
Kirchneriella lunaris,4,Kirchneriella lunaris,measure,0,Kirchneriella lunaris,a,0,Kirchneriella lunaris,a,0,Kirchneriella lunaris,a,0,Kirchneriella lunaris,a,0,Kirchneriella lunaris,a,0,Kirchneriella lunaris,a,0,Kirchneriella lunaris,a,1,Kirchneriella lunaris,a,1,Kirchneriella lunaris,a,1,Kirchneriella sp,x,0,NR,NR,0,NR,NR
Kirchneriella obesa,6,Kirchneriella obesa,measure,0,Kirchneriella obesa,a,0,Kirchneriella obesa,a,0,Kirchneriella obesa,a,0,Kirchneriella obesa,a,0,Kirchneriella obesa,a,0,Kirchneriella obesa,a,0,Kirchneriella obesa,a,1,Kirchneriella obesa,a,1,Kirchneriella obesa,a,1,Kirchneriella sp,x,0,NR,NR,0,NR,NR
Korshikoviella sp,18,Korshikoviella sp,measure,0,Korshikoviella sp,a,0,Korshikoviella sp,a,0,Korshikoviella sp,a,0,Korshikoviella limnetica,a,0,Korshikoviella sp,a,0,Korshikoviella sp,a,0,Korshikoviella sp,a,1,Korshikoviella sp,a,0,Korshikoviella sp,x,0,NR,NR,1,Korshikoviella sp,x,0,NR,NR
Lagerheimia ciliata,10,Lagerheimia ciliata,measure,0,Lagerheimia ciliata,a,0,Lagerheimia ciliata,a,0,Lagerheimia ciliata,a,0,Lagerheimia ciliata,a,0,Lagerheimia ciliata,a,0,Lagerheimia ciliata,a,0,Lagerheimia ciliata,a,1,Lagerheimia ciliata,a,0,Lagerheimia sp,a,1,Lagerheimia genevensis *,j,1,Lagerheimia sp,m,0,NR,NR
Lagerheimia genevensis,8.1,Lagerheimia genevensis,measure,0,Lagerheimia genevensis,a,0,Lagerheimia genevensis,a,0,Lagerheimia genevensis,a,0,Lagerheimia genevensis,a,0,Lagerheimia genevensis,a,0,Lagerheimia genevensis,a,0,Lagerheimia genevensis,a,1,Lagerheimia genevensis,a,0,Lagerheimia genevensis,a,1,Lagerheimia genevensis,j,1,Lagerheimia sp,m,0,NR,NR
Lagerheimia longiseta,12,Lagerheimia longiseta,measure,0,Lagerheimia longiseta,a,0,Lagerheimia longiseta,a,0,Lagerheimia longiseta,a,0,Lagerheimia longiseta,a,0,Lagerheimia longiseta,a,0,Lagerheimia longiseta,a,0,Lagerheimia longiseta,a,1,Lagerheimia longiseta,a,0,Lagerheimia longiseta,a,1,Lagerheimia genevensis *,j,1,Lagerheimia sp,m,0,NR,NR
Lagerheimia quadriseta,10,Lagerheimia quadriseta,measure,0,Lagerheimia sp,a,0,Lagerheimia sp,a,0,Lagerheimia quadriseta,a,0,Lagerheimia sp,a,0,Lagerheimia sp,a,0,Lagerheimia sp,a,0,Lagerheimia sp,a,1,Lagerheimia sp,a,0,Lagerheimia sp,a,1,Lagerheimia genevensis *,j,1,Lagerheimia sp,m,0,NR,NR
Lagerheimia subsalsa,10,Lagerheimia subsalsa,measure,0,Lagerheimia subsalsa,a,0,Lagerheimia subsalsa,a,0,Lagerheimia subsalsa,a,0,Lagerheimia subsalsa,a,0,Lagerheimia subsalsa,a,0,Lagerheimia subsalsa,a,0,Lagerheimia subsalsa,a,1,Lagerheimia subsalsa,a,0,Lagerheimia subsalsa,a,1,Lagerheimia genevensis *,j,1,Lagerheimia sp,m,0,NR,NR
Lanceola spatulifera,24.8,Lanceola spatulifera,measure,0,Lanceola spatulifera,a,0,Lanceola spatulifera,a,0,Lanceola spatulifera,a,0,Ankyra sp *,a,0,Lanceola spatulifera,a,0,Lanceola spatulifera,a,0,Lanceola spatulifera,a,1,Lanceola spatulifera,a,0,Lanceola sp,x,0,NR,NR,1,Lanceola sp,x,0,NR,NR
Lepocinclis acus,90,Lepocinclis acus,measure,0,Lepocinclis acus,a,0,Lepocinclis acus,a,0,Lepocinclis acus,a,1,Lepocinclis acus,a,1,Lepocinclis acus,a,0,Lepocinclis acus,a,0,Lepocinclis acus,a,1,Lepocinclis acus,a,0,Lepocinclis acus,a,0,NR,NR,0,NR,NR,1,Lepocinclis acus,q
Lepocinclis sp,20,Lepocinclis sp,measure,0,Lepocinclis sp,a,0,Lepocinclis sp,a,0,Lepocinclis sp,a,1,Lepocinclis sp,a,1,Lepocinclis acus,a,0,Lepocinclis sp,a,0,Lepocinclis sp,a,1,Lepocinclis acus,a,0,Lepocinclis acus,a,0,NR,NR,0,NR,NR,1,Lepocinclis acus,q
Limnococcus limneticus,7.7,Limnococcus limneticus,measure,0,Limnococcus limneticus,a,0,Limnococcus limneticus,a,0,Limnococcus limneticus,a,0,Limnococcus limneticus,a,0,Limnococcus limneticus,a,1,Limnococcus limneticus,a,0,Limnococcus limneticus,a,0,Limnococcus limneticus,a,1,Limnococcus limneticus,a,1,Limnococcus sp,x,0,NR,NR,0,NR,NR
Limnoraphis birgei,10.3,Limnoraphis birgei,measure,1,Limnoraphis birgei,aa,1,Limnoraphis birgei,aa,0,Lyngbya sp *,a,0,Lyngbya sp *,a,0,Lyngbya sp *,a,1,Lyngbya sp *,a,0,Lyngbya sp *,a,0,Lyngbya sp *,a,1,Limnoraphis sp,x,0,Limnoraphis sp,x,0,NR,NR,0,Limnoraphis birgei,aa
Limnothrix lauterbornii,5,Limnothrix lauterbornii,measure,0,Limnothrix sp,a,1,Limnothrix planctonica *,a,0,Limnothrix sp,a,0,Limnothrix sp,a,0,Limnothrix sp,a,1,Limnothrix sp,a,0,Limnothrix sp,a,0,Limnothrix sp,a,1,Limnothrix planctonica *,a,0,Limnothrix sp,x,0,NR,NR,1,Limnothrix sp,b
Limnothrix sp,5,Limnothrix sp,measure,0,Limnothrix sp,a,1,Limnothrix planctonica,a,0,Limnothrix sp,a,0,Limnothrix sp,a,0,Limnothrix sp,a,1,Limnothrix sp,a,0,Limnothrix sp,a,0,Limnothrix sp,a,1,Limnothrix planctonica,a,0,Limnothrix sp,x,0,NR,NR,1,Limnothrix sp,b
Lindavia bodanica,20.8,Lindavia bodanica,measure,0,Cyclotella bodanica *,a,0,Cyclotella bodanica *,a,1,Cyclotella bodanica *,a,0,Cyclotella bodanica *,a,0,Cyclotella bodanica *,a,0,Cyclotella bodanica *,a,1,Cyclotella bodanica *,a,0,Cyclotella bodanica *,a,0,Lindavia bodanica,f,0,NR,NR,0,Lindavia bodanica,f,0,NR,NR
Lindavia michiganiana,20,Lindavia michiganiana,measure,0,Cyclotella sp *,a,0,Cyclotella sp *,a,1,Cyclotella sp *,a,0,Cyclotella sp *,a,0,Cyclotella sp *,a,0,Cyclotella sp *,a,1,Cyclotella sp *,a,0,Cyclotella sp *,a,0,Lindavia michiganiana,f,0,NR,NR,0,Lindavia michiganiana,f,0,NR,NR
Mallomonas caudata,43.3,Mallomonas caudata,measure,0,Mallomonas caudata,a,0,Mallomonas caudata,a,1,Mallomonas caudata,a,1,Mallomonas caudata,a,1,Mallomonas caudata,a,0,Mallomonas caudata,a,1,Mallomonas caudata,a,0,Mallomonas caudata,a,0,Mallomonas caudata,a,0,NR,NR,1,Mallomonas sp,x,0,NR,NR
Mallomonas pseudocoronata,22.4,Mallomonas pseudocoronata,measure,0,Mallomonas sp,a,0,Mallomonas sp,a,1,Mallomonas sp,a,1,Mallomonas sp,a,1,Mallomonas sp,a,0,Mallomonas sp,a,1,Mallomonas sp,a,0,Mallomonas sp,a,0,Mallomonas sp,a,0,NR,NR,1,Mallomonas sp,x,0,NR,NR
Mallomonas sp,21.5,Mallomonas sp,measure,0,Mallomonas sp,a,0,Mallomonas sp,a,1,Mallomonas sp,a,1,Mallomonas sp,a,1,Mallomonas sp,a,0,Mallomonas sp,a,1,Mallomonas sp,a,0,Mallomonas sp,a,0,Mallomonas sp,a,0,NR,NR,1,Mallomonas sp,x,0,NR,NR
Melosira varians,30,Melosira varians,measure,0,Melosira varians,a,0,Melosira varians,a,1,Melosira varians,a,0,Melosira varians,a,0,Melosira varians,a,0,Melosira varians,a,1,Melosira varians,a,0,Melosira varians,a,1,Melosira varians,a,0,Melosira varians,x,0,Melosira varians,l,0,NR,NR
Merismopedia elegans,4,Merismopedia elegans,measure,0,Merismopedia elegans,a,0,Merismopedia glauca *,a,0,Merismopedia elegans,a,0,Merismopedia elegans,a,0,Merismopedia elegans,a,1,Merismopedia elegans,a,0,Merismopedia elegans,a,0,Merismopedia elegans,a,1,Merismopedia elegans,n,1,Merismopedia sp,x,0,NR,NR,1,Merismopedia sp,b
Merismopedia glauca,4.3,Merismopedia glauca,measure,0,Merismopedia glauca,a,0,Merismopedia glauca,a,0,Merismopedia glauca,a,0,Merismopedia glauca,a,0,Merismopedia glauca,a,1,Merismopedia glauca,a,0,Merismopedia glauca,a,0,Merismopedia glauca,a,1,Merismopedia glauca,a,1,Merismopedia sp,x,0,NR,NR,1,Merismopedia sp,b
Merismopedia tenuissima,2,Merismopedia tenuissima,measure,0,Merismopedia tenuissima,a,0,Merismopedia tenuissima,a,0,Merismopedia tenuissima,a,0,Merismopedia tenuissima,a,0,Merismopedia tenuissima,a,1,Merismopedia tenuissima,a,0,Merismopedia tenuissima,a,0,Merismopedia tenuissima,a,1,Merismopedia tenuissima,a,1,Merismopedia sp,x,0,NR,NR,1,Merismopedia teniussima,d
Merismopedia warmingiana,3,Merismopedia warmingiana,measure,0,Merismopedia warmingiana,a,0,Merismopedia warmingiana,a,0,Merismopedia warmingiana,a,0,Merismopedia warmingiana,a,0,Merismopedia warmingiana,a,1,Merismopedia warmingiana,a,0,Merismopedia warmingiana,a,0,Merismopedia warmingiana,a,1,Merismopedia warmingiana,a,1,Merismopedia sp,x,0,NR,NR,1,Merismopedia sp,b
Messastrum gracile,20.6,Messastrum gracile,measure,0,Selenastrum gracile *,a,0,Selenastrum gracile *,a,0,Selenastrum gracile *,a,0,Selenastrum gracile *,a,0,Selenastrum gracile *,a,0,Selenastrum gracile *,a,0,Selenastrum gracile *,a,1,Selenastrum gracile *,a,1,Selenastrum gracile *,a,0,Messastrum sp,x,1,Messastrum sp,x,0,NR,NR
Micractinium pusillum,6,Micractinium pusillum,measure,0,Micractinium pusillum,a,0,Micractinium pusillum,a,0,Micractinium pusillum,a,0,Micractinium pusillum,a,0,Micractinium pusillum,a,0,Micractinium pusillum,a,0,Micractinium pusillum,a,1,Micractinium pusillum,a,1,Micractinium pusillum,a,0,Micractinium sp,p,1,Micractinium pusillum,m,0,NR,NR
Microcystis aeruginosa,5.4,Microcystis aeruginosa,measure,0,Microcystis aeruginosa,a,1,Microcystis aeruginosa,a,0,Microcystis aeruginosa,a,0,Microcystis aeruginosa,a,0,Microcystis aeruginosa,a,1,Microcystis aeruginosa,a,0,Microcystis aeruginosa,a,0,Microcystis aeruginosa,a,1,Microcystis aeruginosa,a,1,Microcystis sp,x,0,NR,NR,1,Microcystis aeruginosa,b
Microcystis ichthyoblabe,2,Microcystis ichthyoblabe,measure,0,Microcystis sp,a,1,Microcystis sp,a,0,Microcystis sp,a,0,Microcystis sp,a,0,Microcystis sp,a,1,Microcystis sp,a,0,Microcystis sp,a,0,Microcystis sp,a,1,Microcystis sp,a,1,Microcystis sp,x,0,NR,NR,1,Microcystis ichthyoblabe,b
Microcystis wesenbergii,5.5,Microcystis wesenbergii,measure,0,Microcystis wesenbergii,a,1,Microcystis wesenbergii,a,0,Microcystis wesenbergii,a,0,Microcystis wesenbergii,a,0,Microcystis wesenbergii,a,1,Microcystis wesenbergii,a,0,Microcystis wesenbergii,a,0,Microcystis wesenbergii,a,1,Microcystis wesenbergii,a,1,Microcystis sp,x,0,NR,NR,1,Microcystis wesembergii,b
Monactinus simplex,43.3,Monactinus simplex,measure,0,Monactinus simplex,a,0,Monactinus simplex,a,0,Monactinus simplex,a,0,Monactinus simplex,a,0,Monactinus simplex,a,0,Monactinus simplex,a,0,Monactinus simplex,a,1,Monactinus simplex,a,1,Monactinus simplex,a,0,NR,NR,1,Pediastrum sp *,x,0,NR,NR
Monoraphidium circinale,10,Monoraphidium circinale,measure,0,Monoraphidium circinale,a,0,Monoraphidium circinale,a,0,Monoraphidium circinale,a,0,Monoraphidium circinale,a,0,Monoraphidium circinale,a,0,Monoraphidium circinale,a,0,Monoraphidium circinale,a,1,Monoraphidium circinale,a,0,Monoraphidium circinale,a,0,Monoraphidium sp,x,0,NR,NR,0,NR,NR
Monoraphidium contortum,20.2,Monoraphidium contortum,measure,0,Monoraphidium contortum,a,0,Monoraphidium contortum,a,0,Monoraphidium contortum,a,0,Monoraphidium contortum,a,0,Monoraphidium contortum,a,0,Monoraphidium contortum,a,0,Monoraphidium contortum,a,1,Monoraphidium contortum,a,0,Monoraphidium contortum,a,0,Monoraphidium sp,x,0,NR,NR,0,NR,NR
Monoraphidium convolutum,18,Monoraphidium convolutum,measure,0,Monoraphidium convolutum,a,0,Monoraphidium convolutum,a,0,Monoraphidium convolutum,a,0,Monoraphidium convolutum,a,0,Monoraphidium convolutum,a,0,Monoraphidium convolutum,a,0,Monoraphidium convolutum,a,1,Monoraphidium convolutum,a,0,Monoraphidium convolutum,a,0,Monoraphidium sp,x,0,NR,NR,0,NR,NR
Monoraphidium dybowskii,16.7,Monoraphidium dybowskii,measure,0,Monoraphidium dybowskii,a,0,Monoraphidium dybowskii,a,0,Monoraphidium dybowskii,a,0,Monoraphidium dybowskii,a,0,Monoraphidium dybowskii,a,0,Monoraphidium dybowskii,a,0,Monoraphidium dybowskii,a,1,Monoraphidium dybowskii,a,0,Monoraphidium dybowskii,a,0,Monoraphidium sp,x,0,NR,NR,0,NR,NR
Monoraphidium griffithii,40,Monoraphidium griffithii,measure,0,Monoraphidium griffithii,a,0,Monoraphidium griffithii,a,0,Monoraphidium griffithii,a,0,Monoraphidium griffithii,a,0,Monoraphidium griffithii,a,0,Monoraphidium griffithii,a,0,Monoraphidium griffithii,a,1,Monoraphidium griffithii,a,0,Monoraphidium griffithii,a,0,Monoraphidium sp,x,1,Monoraphidium griffithii,n,0,NR,NR
Monoraphidium irregulare,43.3,Monoraphidium irregulare,measure,0,Monoraphidium irregulare,a,0,Monoraphidium irregulare,a,0,Monoraphidium irregulare,a,0,Monoraphidium irregulare,a,0,Monoraphidium irregulare,a,0,Monoraphidium irregulare,a,0,Monoraphidium irregulare,a,1,Monoraphidium irregulare,a,0,Monoraphidium irregulare,a,0,Monoraphidium sp,x,0,NR,NR,0,NR,NR
Monoraphidium komarkovae,23.9,Monoraphidium komarkovae,measure,0,Monoraphidium komarkovae,a,0,Monoraphidium komarkovae,a,0,Monoraphidium komarkovae,a,0,Monoraphidium komarkovae,a,0,Monoraphidium komarkovae,a,0,Monoraphidium komarkovae,a,0,Monoraphidium komarkovae,a,1,Monoraphidium komarkovae,a,0,Monoraphidium komarkovae,a,0,Monoraphidium sp,x,1,Monoraphidium komarkovae,n,0,NR,NR
Monoraphidium minutum,13,Monoraphidium minutum,measure,0,Monoraphidium minutum,a,0,Monoraphidium minutum,a,0,Monoraphidium minutum,a,0,Monoraphidium minutum,a,0,Monoraphidium minutum,a,0,Monoraphidium minutum,a,0,Monoraphidium minutum,a,1,Monoraphidium minutum,a,0,Monoraphidium minutum,a,0,Monoraphidium sp,x,0,NR,NR,0,NR,NR
Monoraphidium skujae,13.4,Monoraphidium skujae,measure,0,Monoraphidium sp,a,0,Monoraphidium sp,a,0,Monoraphidium sp,a,0,Monoraphidium sp,a,0,Monoraphidium sp,a,0,Monoraphidium sp,a,0,Monoraphidium sp,a,1,Monoraphidium sp,a,0,Monoraphidium sp,a,0,Monoraphidium sp,x,0,NR,NR,0,NR,NR
Monosiga sp,5.1,Monosiga sp,measure,0,Monosiga sp,a,0,Monosiga sp,a,0,Monosiga sp,a,1,Monosiga sp,a,1,Monosiga sp,a,0,Monosiga sp,a,0,Monosiga sp,a,0,Monosiga sp,a,0,Monosiga sp,a,1,Codonosigidae ,u,0,NR,NR,0,NR,NR
Monosiga varians,5.8,Monosiga varians,measure,0,Monosiga sp,a,0,Monosiga sp,a,0,Monosiga sp,a,1,Monosiga sp,a,1,Monosiga sp,a,0,Monosiga sp,a,0,Monosiga sp,a,0,Monosiga sp,a,0,Monosiga sp,a,1,Codonosigidae ,u,0,NR,NR,0,NR,NR
Mougeotia sp,60,Mougeotia sp,measure,0,Mougeotia sp,a,0,Mougeotia sp,a,0,Mougeotia sp,a,0,Mougeotia sp,a,0,Mougeotia sp,a,0,Mougeotia sp,a,0,Mougeotia sp,a,1,Mougeotia sp,a,1,Mougeotia sp,a,1,Mougeotia sp,x,0,NR,NR,0,NR,NR
Mucidosphaerium pulchellum,5.1,Mucidosphaerium pulchellum,measure,0,Mucidosphaerium pulchellum,a,0,Mucidosphaerium pulchellum,a,0,Mucidosphaerium pulchellum,a,0,Mucidosphaerium pulchellum,a,0,Mucidosphaerium pulchellum,a,0,Mucidosphaerium pulchellum,a,0,Mucidosphaerium pulchellum,a,1,Mucidosphaerium pulchellum,a,1,Mucidosphaerium pulchellum,a,1,Dictyosphaerium sp *,x,0,NR,NR,0,NR,NR
Naiadinium polonicum,17,Naiadinium polonicum,measure,0,Naiadinium polonicum,a,0,Naiadinium polonicum,a,0,Naiadinium polonicum,a,1,Naiadinium polonicum,a,0,Naiadinium polonicum,a,0,Naiadinium polonicum,a,1,Dinophyceae *,a,0,Naiadinium polonicum,a,0,Peridinium sp *,a,0,NR,NR,0,NR,NR,0,NR,NR
Navicula sp,33.7,Navicula sp,measure,0,Navicula sp,a,0,Navicula sp,a,1,Navicula sp,a,0,Navicula sp,a,0,Navicula sp,a,0,Navicula sp,a,1,Navicula sp,a,0,Navicula sp,a,0,Navicula sp,a,0,NR,NR,0,NR,NR,0,NR,NR
Neglectella solitaria,18.7,Neglectella solitaria,measure,0,Oocystis solitaria *,a,0,Oocystis solitaria *,a,0,Oocystis solitaria *,a,0,Oocystis solitaria *,a,0,Oocystis solitaria *,a,0,Oocystis solitaria *,a,0,Oocystis solitaria *,a,1,Oocystis solitaria *,a,1,Oocystis solitaria *,a,1,Oocystis sp *,x,0,NR,NR,0,NR,NR
Nephrocytium agardhianum,10.9,Nephrocytium agardhianum,measure,0,Nephrocytium agardhianum,a,0,Nephrocytium agardhianum,a,0,Nephrocytium agardhianum,a,0,Nephrocytium agardhianum,a,0,Nephrocytium agardhianum,a,0,Nephrocytium agardhianum,a,0,Nephrocytium agardhianum,a,1,Nephrocytium agardhianum,a,1,Nephrocytium limneticum *,a,1,Nephrocytium sp,x,0,NR,NR,0,NR,NR
Nephrocytium lunatum,10,Nephrocytium lunatum,measure,0,Nephrocytium lunatum,a,0,Nephrocytium lunatum,a,0,Nephrocytium lunatum,a,0,Nephrocytium lunatum,a,0,Nephrocytium lunatum,a,0,Nephrocytium lunatum,a,0,Nephrocytium lunatum,a,1,Nephrocytium lunatum,a,1,Nephrocytium limneticum *,a,1,Nephrocytium sp,x,0,NR,NR,0,NR,NR
Nitzschia acicularis,46.7,Nitzschia acicularis,measure,0,Nitzschia acicularis,a,0,Nitzschia acicularis,a,1,Nitzschia acicularis,a,0,Nitzschia acicularis,a,0,Nitzschia acicularis,a,0,Nitzschia acicularis,a,1,Nitzschia acicularis,a,0,Nitzschia acicularis,a,0,Nitzschia acicularis,a,0,NR,NR,1,Nitzschia acicularis,f,0,NR,NR
Nitzschia paleacea,30,Nitzschia paleacea,measure,0,Nitzschia paleacea,a,0,Nitzschia paleacea,a,1,Nitzschia paleacea,a,0,Nitzschia paleacea,a,0,Nitzschia paleacea,a,0,Nitzschia paleacea,a,1,Nitzschia paleacea,a,0,Nitzschia paleacea,a,0,Nitzschia paleacea,a,0,NR,NR,0,NR,NR,0,NR,NR
Nitzschia sp,52.6,Nitzschia sp,measure,0,Nitzschia sp,a,0,Nitzschia sp,a,1,Nitzschia sp,a,0,Nitzschia sp,a,0,Nitzschia sp,a,0,Nitzschia sp,a,1,Nitzschia sp,a,0,Nitzschia sp,a,0,Nitzschia sp,a,0,NR,NR,0,NR,NR,0,NR,NR
Nodularia spumigena,4,Nodularia spumigena,measure,1,Nodularia spumigena,a,1,Nodularia spumigena,a,0,Nodularia spumigena,a,0,Nodularia spumigena,a,0,Nodularia spumigena,a,1,Nodularia spumigena,a,0,Nodularia spumigena,a,0,Nodularia spumigena,a,1,Nodularia spumigena,a,0,NR,NR,0,NR,NR,1,Nodularia spumigena,b
Ochromonas sp,11,Ochromonas sp,measure,0,Ochromonas sp,a,0,Ochromonas sp,a,0,Ochromonas sp,a,1,Ochromonas sp,a,1,Ochromonas sp,a,0,Ochromonas sp,a,1,Ochromonas sp,a,0,Ochromonas sp,a,0,Ochromonas sp,a,0,Ochromonas sp,k,0,NR,NR,0,NR,NR
Oocystis apiculata,13,Oocystis apiculata,measure,0,Oocystis sp,a,0,Oocystis sp,a,0,Oocystis sp,a,0,Oocystis sp,a,0,Oocystis sp,a,0,Oocystis sp,a,0,Oocystis sp,a,1,Oocystis sp,a,1,Oocystis sp,a,1,Oocystis sp,x,0,NR,NR,0,NR,NR
Oocystis borgei,12.5,Oocystis borgei,measure,0,Oocystis borgei,a,0,Oocystis borgei,a,0,Oocystis borgei,a,0,Oocystis borgei,a,0,Oocystis borgei,a,0,Oocystis borgei,a,0,Oocystis borgei,a,1,Oocystis borgei,a,1,Oocystis borgei,a,1,Oocystis sp,x,0,NR,NR,0,NR,NR
Oocystis lacustris,10.7,Oocystis lacustris,measure,0,Oocystis lacustris,a,0,Oocystis lacustris,a,0,Oocystis lacustris,a,0,Oocystis lacustris,a,0,Oocystis lacustris,a,0,Oocystis lacustris,a,0,Oocystis lacustris,a,1,Oocystis lacustris,a,1,Oocystis lacustris,a,1,Oocystis sp,x,0,NR,NR,0,NR,NR
Oocystis naegelii,14,Oocystis naegelii,measure,0,Oocystis sp,a,0,Oocystis sp,a,0,Oocystis naegelii,a,0,Oocystis sp,a,0,Oocystis sp,a,0,Oocystis sp,a,0,Oocystis sp,a,1,Oocystis sp,a,1,Oocystis sp,a,1,Oocystis sp,x,0,NR,NR,0,NR,NR
Oocystis parva,6.9,Oocystis parva,measure,0,Oocystis parva,a,0,Oocystis parva,a,0,Oocystis parva,a,0,Oocystis parva,a,0,Oocystis parva,a,0,Oocystis parva,a,0,Oocystis parva,a,1,Oocystis parva,a,1,Oocystis parva,a,1,Oocystis sp,x,0,NR,NR,0,NR,NR
Oocystis pusilla,7.2,Oocystis pusilla,measure,0,Oocystis pusilla,a,0,Oocystis pusilla,a,0,Oocystis pusilla,a,0,Oocystis pusilla,a,0,Oocystis pusilla,a,0,Oocystis pusilla,a,0,Oocystis pusilla,a,1,Oocystis pusilla,a,1,Oocystis sp,a,1,Oocystis sp,x,0,NR,NR,0,NR,NR
Oocystis submarina,11.7,Oocystis submarina,measure,0,Oocystis submarina,a,0,Oocystis submarina,a,0,Oocystis submarina,a,0,Oocystis submarina,a,0,Oocystis submarina,a,0,Oocystis submarina,a,0,Oocystis submarina,a,1,Oocystis submarina,a,1,Oocystis submarina,a,1,Oocystis sp,x,0,NR,NR,0,NR,NR
Oscillatoria rosea,5,Oscillatoria rosea,measure,1,Oscillatoria sp,x,1,Oscillatoria sp,ac,0,Oscillatoria sp,a,0,Oscillatoria sp,a,0,Oscillatoria sp,a,1,Oscillatoria sp,a,0,Oscillatoria sp,a,0,Oscillatoria sp,a,1,Oscillatoria sp,a,0,Oscillatoria sp,x,0,NR,NR,1,Oscillatoria sp,b
Oscillatoria sancta,10,Oscillatoria sancta,measure,1,Oscillatoria sp,x,1,Oscillatoria sp,ac,0,Oscillatoria sancta,a,0,Oscillatoria sancta,a,0,Oscillatoria sancta,a,1,Oscillatoria sancta,a,0,Oscillatoria sancta,a,0,Oscillatoria sancta,a,1,Oscillatoria sp,a,0,Oscillatoria sp,x,0,NR,NR,1,Oscillatoria sp,b
Paraphysomonas bourrellyi,9.8,Paraphysomonas bourrellyi,measure,0,Spiniferomonas bourellyi *,ab,0,Spiniferomonas bourellyi *,ab,1,Spiniferomonas bourellyi *,ab,1,Spiniferomonas bourellyi *,ab,1,Paraphysomonas sp,a,0,Spiniferomonas bourellyi *,ab,1,Spiniferomonas bourellyi *,ab,0,Spiniferomonas bourellyi *,ab,0,Spiniferomonas bourellyi *,ab,0,NR,NR,1,Paraphysomonas sp,x,0,NR,NR
Parvodinium inconspicuum,20.2,Parvodinium inconspicuum,measure,0,Parvodinium umbonatum *,a,0,Parvodinium umbonatum *,a,0,Parvodinium umbonatum *,a,1,Parvodinium umbonatum *,a,1,Peridinium sp *,a,0,Parvodinium umbonatum *,a,1,Parvodinium umbonatum *,a,0,Parvodinium umbonatum *,a,0,Parvodinium umbonatum *,a,0,NR,NR,1,Peridinium sp *,m,0,NR,NR
Parvodinium umbonatum,45,Parvodinium umbonatum,measure,0,Parvodinium umbonatum,a,0,Parvodinium umbonatum,a,0,Parvodinium umbonatum,a,1,Parvodinium umbonatum,a,0,Parvodinium umbonatum,a,0,Parvodinium umbonatum,a,1,Parvodinium umbonatum,a,0,Parvodinium umbonatum,a,0,Parvodinium umbonatum,a,0,NR,NR,1,Peridinium sp *,m,0,NR,NR
Pediastrum duplex,96,Pediastrum duplex,measure,0,Pediastrum duplex,a,0,Pediastrum duplex,a,0,Pediastrum duplex,a,0,Pediastrum duplex,a,0,Pediastrum duplex,a,0,Pediastrum duplex,a,0,Pediastrum duplex,a,1,Pediastrum duplex,a,1,Pediastrum duplex,a,0,NR,NR,1,Pediastrum sp,x,0,NR,NR
Pedinella sp,8.3,Pedinella sp,measure,0,Pedinella sp,a,0,Pedinella sp,a,0,Pedinella sp,a,1,Pedinella sp,a,1,Pedinella hexacostata,a,0,Pedinella sp,a,1,Pedinella hexacostata,a,0,Pedinella sp,a,0,Pedinella hexacostata,a,0,Pedinella sp,x,0,NR,NR,0,NR,NR
Peridinium sp,27.5,Peridinium sp,measure,0,Peridinium sp,a,0,Peridinium sp,a,0,Peridinium sp,a,1,Peridinium sp,a,1,Peridinium sp,a,0,Peridinium sp,a,1,Peridinium sp,a,0,Peridinium sp,a,0,Peridinium sp,a,0,NR,NR,1,Peridinium sp,m,0,NR,NR
Phacus acuminatus,28,Phacus acuminatus,measure,0,Phacus sp,a,0,Phacus sp,a,0,Phacus sp,a,1,Phacus sp,a,1,Phacus sp,a,0,Phacus sp,a,0,Phacus sp,a,1,Phacus sp,a,0,Phacus sp,a,0,NR,NR,1,Phacus sp,x,0,NR,NR
Phacus curvicauda,30,Phacus curvicauda,measure,0,Phacus curvicauda,a,0,Phacus curvicauda,a,0,Phacus curvicauda,a,1,Phacus curvicauda,a,1,Phacus sp,a,0,Phacus curvicauda,a,0,Phacus curvicauda,a,1,Phacus sp,a,0,Phacus sp,a,0,NR,NR,1,Phacus sp,x,0,NR,NR
Phacus sp,24,Phacus sp,measure,0,Phacus sp,a,0,Phacus sp,a,0,Phacus sp,a,1,Phacus sp,a,1,Phacus sp,a,0,Phacus sp,a,0,Phacus sp,a,1,Phacus sp,a,0,Phacus sp,a,0,NR,NR,1,Phacus sp,x,0,NR,NR
Phormidium sp,7,Phormidium sp,measure,0,Phormidium sp,a,0,Phormidium sp,a,0,Phormidium sp,a,0,Phormidium sp,a,0,Phormidium sp,a,1,Phormidium sp,a,0,Phormidium sp,a,0,Phormidium sp,a,1,Phormidium sp,a,1,Phormidium sp,aa,0,NR,NR,1,Phormidium sp,b
Pinnularia sp,106,Pinnularia sp,measure,0,Pinnularia sp,a,0,Pinnularia sp,a,1,Pinnularia sp,a,0,Pinnularia sp,a,0,Pinnularia sp,a,0,Pinnularia sp,a,1,Pinnularia sp,a,0,Pinnularia sp,a,0,Pinnularia sp,a,0,NR,NR,0,NR,NR,0,NR,NR
Plagioselmis nannoplanctica,11.9,Plagioselmis nannoplanctica,measure,0,Plagioselmis nannoplanctica,a,0,Plagioselmis nannoplanctica,a,0,Plagioselmis nannoplanctica,a,1,Plagioselmis nannoplanctica,a,0,Plagioselmis nannoplanctica,a,1,Plagioselmis nannoplanctica,a,1,Plagioselmis nannoplanctica,a,0,Plagioselmis nannoplanctica,a,0,Plagioselmis nannoplanctica,a,0,NR,NR,0,NR,NR,0,NR,NR
Planktolyngbya contorta,5,Planktolyngbya contorta,measure,0,Planktolyngbya contorta,a,0,Planktolyngbya contorta,a,0,Planktolyngbya contorta,a,0,Planktolyngbya contorta,a,0,Planktolyngbya contorta,a,1,Planktolyngbya contorta,a,0,Planktolyngbya contorta,a,0,Planktolyngbya contorta,a,1,Planktolyngbya contorta,a,0,Planktothrix sp,m,0,NR,NR,0,NR,NR
Planktolyngbya limnetica,5,Planktolyngbya limnetica,measure,0,Planktolyngbya limnetica,a,0,Planktolyngbya limnetica,a,0,Planktolyngbya limnetica,a,0,Planktolyngbya limnetica,a,0,Planktolyngbya limnetica,a,1,Planktolyngbya limnetica,a,0,Planktolyngbya limnetica,a,0,Planktolyngbya limnetica,a,1,Planktolyngbya limnetica,a,0,Planktothrix sp,m,0,NR,NR,0,NR,NR
Planktothrix agardhii,8,Planktothrix agardhii,measure,0,Planktothrix agardhii,a,1,Planktothrix agardhii,a,0,Planktothrix agardhii,a,0,Planktothrix agardhii,a,0,Planktothrix agardhii,a,1,Planktothrix agardhii,a,0,Planktothrix agardhii,a,0,Planktothrix agardhii,a,1,Planktothrix agardhii,a,0,Planktothrix sp,m,0,NR,NR,1,Planktothrix agardhii,b
Plectonema sp,12,Plectonema sp,measure,1,Plectonema sp,h,0,Plectonema sp,x,0,Cyanophyceae *,a,0,Cyanophyceae *,a,0,Cyanophyceae *,a,1,Cyanophyceae *,a,0,Cyanophyceae *,a,0,Cyanophyceae *,a,1,Plectonema sp,a,0,Plectonema sp,x,0,NR,NR,1,Plectonema boryanum,b
Podohedra sp,11,Podohedra sp,measure,0,Trebouxiophyceae *,a,0,Trebouxiophyceae *,a,0,Trebouxiophyceae *,a,0,Trebouxiophyceae *,a,0,Trebouxiophyceae *,a,0,Trebouxiophyceae *,a,0,Trebouxiophyceae *,a,1,Trebouxiophyceae *,a,0,Podohedra sp,x,0,Podohedra sp,x,1,Podohedra sp,x,0,NR,NR
Pseudanabaena limnetica,5.3,Pseudanabaena limnetica,measure,0,Pseudanabaena limnetica,a,0,Pseudanabaena limnetica,a,0,Pseudanabaena limnetica,a,0,Pseudanabaena limnetica,a,0,Pseudanabaena limnetica,a,1,Pseudanabaena limnetica,a,0,Pseudanabaena limnetica,a,0,Pseudanabaena limnetica,a,1,Pseudanabaena limnetica,a,1,Pseudanabaena sp,m,0,NR,NR,1,Pseudanabaena sp,b
Pseudanabaena mucicola,9.5,Pseudanabaena mucicola,measure,0,Pseudanabaena mucicola,a,0,Pseudanabaena sp,a,0,Pseudanabaena mucicola,a,0,Pseudanabaena mucicola,a,0,Pseudanabaena mucicola,a,1,Pseudanabaena mucicola,a,0,Pseudanabaena mucicola,a,0,Pseudanabaena mucicola,a,1,Pseudanabaena sp,a,1,Pseudanabaena sp,m,0,NR,NR,1,Pseudanabaena sp,b
Pseudanabaena redekei,5,Pseudanabaena redekei,measure,0,Limnothrix redekei *,a,1,Limnothrix redekei *,a,0,Limnothrix redekei *,a,0,Limnothrix redekei *,a,0,Limnothrix redekei *,a,1,Limnothrix redekei *,a,0,Limnothrix redekei *,a,0,Limnothrix redekei *,a,1,Limnothrix redekei *,a,1,Pseudanabaena sp,m,0,NR,NR,1,Limnothrix redekei *,b
Pseudokephyrion attenuatum,6,Pseudokephyrion attenuatum,measure,0,Pseudokephyrion sp,a,0,Pseudokephyrion sp,a,0,Pseudokephyrion sp,a,1,Pseudokephyrion sp,a,1,Pseudokephyrion sp,ab,0,Pseudokephyrion sp,a,1,Pseudokephyrion sp,a,0,Pseudokephyrion sp,a,0,Pseudokephyrion sp,a,0,Pseudokephyrion sp,x,0,NR,NR,0,NR,NR
Pseudokephyrion ellipsoideum,4.9,Pseudokephyrion ellipsoideum,measure,0,Pseudokephyrion sp,a,0,Pseudokephyrion sp,a,0,Pseudokephyrion sp,a,1,Pseudokephyrion sp,a,1,Pseudokephyrion sp,ab,0,Pseudokephyrion sp,a,1,Pseudokephyrion sp,a,0,Pseudokephyrion sp,a,0,Pseudokephyrion sp,a,0,Pseudokephyrion sp,x,0,NR,NR,0,NR,NR
Pseudokephyrion minutissimum,6.1,Pseudokephyrion minutissimum,measure,0,Pseudokephyrion sp,a,0,Pseudokephyrion sp,a,0,Pseudokephyrion sp,a,1,Pseudokephyrion sp,a,1,Pseudokephyrion sp,ab,0,Pseudokephyrion sp,a,1,Pseudokephyrion sp,a,0,Pseudokephyrion sp,a,0,Pseudokephyrion sp,a,0,Pseudokephyrion sp,x,0,NR,NR,0,NR,NR
Pseudokephyrion spirale,5,Pseudokephyrion spirale,measure,0,Pseudokephyrion sp,a,0,Pseudokephyrion sp,a,0,Pseudokephyrion sp,a,1,Pseudokephyrion sp,a,1,Pseudokephyrion sp,ab,0,Pseudokephyrion sp,a,1,Pseudokephyrion sp,a,0,Pseudokephyrion sp,a,0,Pseudokephyrion sp,a,0,Pseudokephyrion sp,x,0,NR,NR,0,NR,NR
Pseudopediastrum boryanum,87.6,Pseudopediastrum boryanum,measure,0,Pseudopediastrum boryanum,a,0,Pseudopediastrum boryanum,a,0,Pseudopediastrum boryanum,a,0,Pseudopediastrum boryanum,a,0,Pseudopediastrum boryanum,a,0,Pseudopediastrum boryanum,a,0,Pseudopediastrum boryanum,a,1,Pseudopediastrum boryanum,a,1,Pseudopediastrum boryanum,a,0,NR,NR,1,Pediastrum boryanum *,n,0,NR,NR
Pseudoschroederia antillarum,30,Pseudoschroederia antillarum,measure,0,Schroederia setigera *,a,0,Schroederia setigera *,a,0,Schroederia setigera *,a,0,Pseudoschroederia sp,x,0,Schroederia setigera *,a,0,Schroederia setigera *,a,0,Schroederia setigera *,a,1,Schroederia setigera *,a,0,Pseudoschroederia sp,x,0,Pseudoschroederia sp,x,1,Pseudoschroederia sp,x,0,NR,NR
Quadrigula chodatii,27,Quadrigula chodatii,measure,0,Quadrigula sp,a,0,Quadrigula sp,a,0,Quadrigula sp,a,0,Quadrigula sp,p,0,Quadrigula sp,a,0,Quadrigula sp,a,0,Quadrigula sp,a,1,Quadrigula sp,a,1,Quadrigula sp,p,1,Quadrigula sp,p,0,NR,NR,0,NR,NR
Quadrigula closterioides,18.5,Quadrigula closterioides,measure,0,Quadrigula closterioides,a,0,Quadrigula closterioides,a,0,Quadrigula closterioides,a,0,Quadrigula sp,p,0,Quadrigula closterioides,a,0,Quadrigula closterioides,a,0,Quadrigula closterioides,a,1,Quadrigula closterioides,a,1,Quadrigula sp,p,1,Quadrigula sp,p,0,NR,NR,0,NR,NR
Raphidocelis danubiana,6,Raphidocelis danubiana,measure,0,Raphidocelis danubiana,a,0,Raphidocelis danubiana,a,0,Raphidocelis danubiana,a,0,Raphidocelis danubiana,a,0,Raphidocelis danubiana,a,0,Raphidocelis danubiana,a,0,Raphidocelis danubiana,a,1,Raphidocelis danubiana,a,1,Raphidocelis danubiana,a,1,Raphidocelis sp,x,0,NR,NR,0,NR,NR
Rhabdoderma irregulare,9,Rhabdoderma irregulare,measure,0,Rhabdoderma sp,a,0,Rhabdoderma sp,aa,0,Rhabdoderma sp,a,0,Rhabdoderma sp,a,0,Rhabdoderma sp,a,1,Rhabdoderma sp,a,0,Rhabdoderma sp,a,0,Rhabdoderma sp,a,1,Rhabdoderma sp,y,1,Rhabdoderma sp,m,0,NR,NR,0,NR,NR
Rhabdoderma lineare,12,Rhabdoderma lineare,measure,0,Rhabdoderma lineare,a,0,Rhabdoderma sp,aa,0,Rhabdoderma lineare,a,0,Rhabdoderma lineare,a,0,Rhabdoderma lineare,a,1,Rhabdoderma lineare,a,0,Rhabdoderma lineare,a,0,Rhabdoderma lineare,a,1,Rhabdoderma sp,y,1,Rhabdoderma sp,m,0,NR,NR,0,NR,NR
Rhabdogloea smithii,9.8,Rhabdogloea smithii,measure,0,Rhabdogloea smithii,a,0,NR,NR,0,Rhabdogloea smithii,a,0,Rhabdogloea smithii,a,0,Rhabdogloea smithii,a,1,Rhabdogloea smithii,a,0,Rhabdogloea smithii,a,0,Rhabdogloea smithii,a,1,Rhabdogloea sp,a,1,Rhabdogloea sp,aa,0,NR,NR,0,NR,NR
Rhabdomonas sp,17.3,Rhabdomonas sp,measure,0,Rhabdomonas incurva,ab,0,Rhabdomonas incurva,ab,0,Rhabdomonas incurva,ab,1,Rhabdomonas incurva,ab,1,Rhabdomonas incurva,ab,0,Rhabdomonas incurva,ab,0,Rhabdomonas incurva,a,0,Rhabdomonas incurva,ab,0,Rhabdomonas incurva,ab,0,NR,NR,0,NR,NR,0,NR,NR
Rhodomonas lens,14.5,Rhodomonas lens,measure,0,Rhodomonas lens,ab,0,Rhodomonas lens,ab,0,Rhodomonas lens,ab,1,Rhodomonas lens,ab,1,Rhodomonas lens,ab,1,Rhodomonas lens,ab,1,Rhodomonas lens,ab,0,Rhodomonas lens,ab,0,Rhodomonas lens,ab,0,NR,NR,0,NR,NR,0,NR,NR
Rhoicosphenia abbreviata,25.8,Rhoicosphenia abbreviata,measure,0,Rhoicosphenia abbreviata,a,0,Rhoicosphenia abbreviata,a,1,Rhoicosphenia abbreviata,a,0,Rhoicosphenia abbreviata,a,0,Rhoicosphenia abbreviata,a,0,Rhoicosphenia abbreviata,a,1,Rhoicosphenia abbreviata,a,0,Rhoicosphenia abbreviata,a,1,Rhoicosphenia abbreviata,f,1,Rhoicosphenia sp,aa,0,NR,NR,0,NR,NR
Romeria chlorina,11.5,Romeria chlorina,measure,0,Romeria sp,a,0,Romeria sp,a,0,Romeria sp,a,0,Romeria sp,a,0,Romeria sp,a,1,Romeria sp,a,0,Romeria sp,a,0,Romeria sp,a,1,Romeria sp,a,1,Romeria sp,m,0,NR,NR,1,Romeria carauru *,d
Romeria leopoliensis,10.5,Romeria leopoliensis,measure,0,Romeria sp,a,0,Romeria sp,a,0,Romeria sp,a,0,Romeria sp,a,0,Romeria sp,a,1,Romeria sp,a,0,Romeria sp,a,0,Romeria sp,a,1,Romeria sp,a,1,Romeria sp,m,0,NR,NR,1,Romeria carauru *,d
Scenedesmus balatonicus,16,Scenedesmus balatonicus,measure,0,Scenedesmus sp,a,0,Scenedesmus sp,a,0,Scenedesmus sp,a,0,Scenedesmus sp,a,0,Scenedesmus sp,a,0,Scenedesmus sp,a,0,Scenedesmus sp,a,1,Scenedesmus sp,a,1,Scenedesmus sp,a,1,Scenedesmus  sp,x,0,NR,NR,0,NR,NR
Scenedesmus bijugus,11,Scenedesmus bijugus,measure,0,Scenedesmus bijuga,a,0,Scenedesmus bijuga,a,0,Scenedesmus bijuga,a,0,Scenedesmus bijuga,a,0,Scenedesmus bijuga,a,0,Scenedesmus bijuga,a,0,Scenedesmus bijuga,a,1,Scenedesmus bijuga,a,1,Scenedesmus bijuga,a,1,Scenedesmus  sp,x,0,NR,NR,0,NR,NR
Scenedesmus ellipticus,13.2,Scenedesmus ellipticus,measure,0,Scenedesmus ellipticus,a,0,Scenedesmus ellipticus,a,0,Scenedesmus ellipticus,a,0,Scenedesmus ellipticus,a,0,Scenedesmus ellipticus,a,0,Scenedesmus ellipticus,a,0,Scenedesmus ellipticus,a,1,Scenedesmus ellipticus,a,1,Scenedesmus ellipticus,a,1,Scenedesmus  sp,x,0,NR,NR,0,NR,NR
Scenedesmus obtusus,11,Scenedesmus obtusus,measure,0,Scenedesmus obtusus,a,0,Scenedesmus obtusus,a,0,Scenedesmus obtusus,a,0,Scenedesmus obtusus,a,0,Scenedesmus obtusus,a,0,Scenedesmus obtusus,a,0,Scenedesmus obtusus,a,1,Scenedesmus obtusus,a,1,Scenedesmus obtusus,a,1,Scenedesmus  sp,x,0,Scenedesmus obtusus,k,0,NR,NR
Scenedesmus obtusus f. disciformis,8,Scenedesmus obtusus f. disciformis,measure,0,Scenedesmus disciformis *,ab,0,Scenedesmus disciformis *,ab,0,Scenedesmus disciformis *,ab,0,Scenedesmus disciformis *,ab,0,Scenedesmus disciformis *,ab,0,Scenedesmus disciformis *,ab,0,Scenedesmus disciformis *,ab,1,Scenedesmus disciformis *,ab,1,Scenedesmus disciformis *,ab,1,Scenedesmus  sp,x,0,NR,NR,0,NR,NR
Scenedesmus pecsensis,8,Scenedesmus pecsensis,measure,0,Scenedesmus sp,a,0,Scenedesmus sp,a,0,Scenedesmus sp,a,0,Scenedesmus sp,a,0,Scenedesmus sp,a,0,Scenedesmus sp,a,0,Scenedesmus sp,a,1,Scenedesmus sp,a,1,Scenedesmus sp,a,1,Scenedesmus  sp,x,1,Scenedesmus pecsensis,g,0,NR,NR
Scenedesmus quadricauda,13.1,Scenedesmus quadricauda,measure,0,Scenedesmus quadricauda,a,0,Scenedesmus quadricauda,a,0,Scenedesmus quadricauda,a,0,Scenedesmus quadricauda,a,0,Scenedesmus quadricauda,a,0,Scenedesmus quadricauda,a,0,Scenedesmus quadricauda,a,1,Scenedesmus quadricauda,a,1,Scenedesmus quadricauda,a,1,Scenedesmus  sp,x,1,Scenedesmus quadricauda,k,0,NR,NR
Schroederia indica,26,Schroederia indica,measure,0,Schroederia setigera *,a,0,Schroederia setigera *,a,0,Schroederia setigera *,a,0,Schroederia setigera *,a,0,Schroederia setigera *,a,0,Schroederia setigera *,a,0,Schroederia setigera *,a,1,Schroederia setigera *,a,0,Schroederia setigera *,a,0,NR,NR,1,Schroederia sp,x,0,NR,NR
Schroederia setigera,25.2,Schroederia setigera,measure,0,Schroederia setigera,a,0,Schroederia setigera,a,0,Schroederia setigera,a,0,Schroederia setigera,a,0,Schroederia setigera,a,0,Schroederia setigera,a,0,Schroederia setigera,a,1,Schroederia setigera,a,0,Schroederia setigera,a,0,NR,NR,1,Schroederia sp,x,0,NR,NR
Snowella arachnoidea,3.1,Snowella arachnoidea,measure,0,Snowella atomus *,ab,0,Snowella atomus *,ab,0,Snowella atomus *,ab,0,Snowella atomus *,ab,0,Snowella atomus *,ab,1,Snowella atomus *,ab,0,Snowella atomus *,ab,0,Snowella atomus *,ab,1,Snowella atomus *,ab,1,Snowella sp,aa,0,NR,NR,0,NR,NR
Snowella lacustris,5.1,Snowella lacustris,measure,0,Snowella lacustris,a,0,Snowella lacustris,a,0,Snowella lacustris,a,0,Snowella lacustris,a,0,Snowella lacustris,a,1,Snowella lacustris,a,0,Snowella lacustris,a,0,Snowella lacustris,a,1,Snowella lacustris,a,1,Snowella sp,aa,0,NR,NR,0,NR,NR
Sphaerocystis schroeteri,7.6,Sphaerocystis schroeteri,measure,0,Sphaerocystis schroeteri,a,0,Sphaerocystis schroeteri,a,0,Sphaerocystis schroeteri,a,0,Sphaerocystis schroeteri,a,0,Sphaerocystis schroeteri,a,0,Sphaerocystis schroeteri,a,0,Sphaerocystis schroeteri,a,1,Sphaerocystis schroeteri,a,1,Sphaerocystis schroeteri,a,1,Sphaerocystis sp,x,0,NR,NR,0,NR,NR
Spiniferomonas sp,10.1,Spiniferomonas sp,measure,0,Spiniferomonas sp,a,0,Spiniferomonas sp,a,1,Spiniferomonas sp,a,1,Spiniferomonas sp,a,1,Spiniferomonas sp,ab,0,Spiniferomonas sp,a,1,Spiniferomonas sp,a,0,Spiniferomonas sp,a,0,Spiniferomonas sp,a,0,NR,NR,1,Spiniferomonas sp,x,0,NR,NR
Staurastrum chaetoceras,28,Staurastrum chaetoceras,measure,0,Staurastrum chaetoceras,a,0,Staurastrum chaetoceras,a,0,Staurastrum chaetoceras,a,0,Staurastrum chaetoceras,ab,0,Staurastrum chaetoceras,a,0,Staurastrum chaetoceras,a,0,Staurastrum chaetoceras,a,1,Staurastrum chaetoceras,a,0,Staurastrum chaetoceras,ab,1,Staurastrum sp,x,1,Staurastrum sp,x,0,NR,NR
Staurastrum paradoxum,24,Staurastrum paradoxum,measure,0,Staurastrum paradoxum,a,0,Staurastrum paradoxum,a,0,Staurastrum paradoxum,a,0,Staurastrum paradoxum,a,0,Staurastrum paradoxum,a,0,Staurastrum paradoxum,a,0,Staurastrum paradoxum,a,1,Staurastrum paradoxum,a,0,Staurastrum sp,a,1,Staurastrum sp,x,1,Staurastrum sp,x,0,NR,NR
Staurastrum smithii,15.4,Staurastrum smithii,measure,0,Staurastrum smithii,ab,0,Staurastrum smithii,ab,0,Staurastrum smithii,ab,0,Staurastrum smithii,ab,0,Staurastrum smithii,ab,0,Staurastrum smithii,ab,0,Staurastrum smithii,ab,1,Staurastrum smithii,ab,0,Staurastrum smithii,ab,1,Staurastrum sp,x,1,Staurastrum sp,x,0,NR,NR
Staurastrum sp,32,Staurastrum sp,measure,0,Staurastrum sp,a,0,Staurastrum sp,a,0,Staurastrum sp,a,0,Staurastrum sp,a,0,Staurastrum sp,a,0,Staurastrum sp,a,0,Staurastrum sp,a,1,Staurastrum sp,a,0,Staurastrum sp,a,1,Staurastrum sp,x,1,Staurastrum sp,x,0,NR,NR
Stauridium tetras,24.7,Stauridium tetras,measure,0,Stauridium tetras,a,0,Stauridium tetras,a,0,Stauridium tetras,a,0,Stauridium tetras,a,0,Stauridium tetras,a,0,Stauridium tetras,a,0,Stauridium tetras,a,1,Stauridium tetras,a,1,Stauridium tetras,a,0,NR,NR,1,Pediastrum tetras *,k,0,NR,NR
Staurodesmus cuspidicurvatus,36,Staurodesmus cuspidicurvatus,measure,0,Staurodesmus cuspidatus *,ab,0,Staurodesmus cuspidatus *,ab,0,Staurodesmus cuspidatus *,ab,0,Staurodesmus cuspidatus *,ab,0,Staurodesmus cuspidatus *,ab,0,Staurodesmus cuspidatus *,ab,0,Staurodesmus cuspidatus *,ab,1,Staurodesmus cuspidatus *,ab,0,Staurodesmus cuspidatus *,ab,1,Staurodesmus sp,x,1,Staurodesmus sp,x,0,NR,NR
Stelexomonas dichotoma,6,Stelexomonas dichotoma,measure,0,Stelexomonas dichotoma,a,0,Stelexomonas dichotoma,a,0,Stelexomonas dichotoma,a,1,Stelexomonas dichotoma,a,1,Stelexomonas dichotoma,a,0,Stelexomonas dichotoma,a,0,Stelexomonas dichotoma,a,0,Stelexomonas dichotoma,a,1,Stelexomonas dichotoma,t,0,Codonosigidae ,u,0,NR,NR,0,NR,NR
Stephanodiscaceae,20.5,Stephanodiscaceae,measure,0,Coscinodiscophycidae *,a,0,Coscinodiscophycidae *,a,1,Coscinodiscophycidae *,a,0,Coscinodiscophycidae *,a,0,Coscinodiscophycidae *,a,0,Coscinodiscophycidae *,a,1,Coscinodiscophycidae *,a,0,Coscinodiscophycidae *,a,1,Coscinodiscophycidae *,a,1,Cyclotella sp,x,1,Stephanodiscus sp,f,0,NR,NR
Stephanodiscus niagarae,60.3,Stephanodiscus niagarae,measure,0,Stephanodiscus niagarae,a,0,Stephanodiscus niagarae,a,1,Stephanodiscus niagarae,a,0,Stephanodiscus niagarae,a,0,Stephanodiscus niagarae,a,0,Stephanodiscus niagarae,a,1,Stephanodiscus niagarae,a,0,Stephanodiscus niagarae,a,0,Stephanodiscus niagarae,f,0,NR,NR,1,Stephanodiscus niagarae,f,0,NR,NR
Stephanodiscus parvus,11.6,Stephanodiscus parvus,measure,0,Stephanodiscus sp,a,0,Stephanodiscus sp,a,1,Stephanodiscus sp,a,0,Stephanodiscus sp,a,0,Stephanodiscus sp,a,0,Stephanodiscus sp,a,1,Stephanodiscus sp,a,0,Stephanodiscus sp,a,0,Stephanodiscus parvus,l,0,NR,NR,1,Stephanodiscus parvus,f,0,NR,NR
Stephanodiscus sp,30,Stephanodiscus sp,measure,0,Stephanodiscus sp,a,0,Stephanodiscus sp,a,1,Stephanodiscus sp,a,0,Stephanodiscus sp,a,0,Stephanodiscus sp,a,0,Stephanodiscus sp,a,1,Stephanodiscus sp,a,0,Stephanodiscus sp,a,0,Stephanodiscus sp,m,0,NR,NR,1,Stephanodiscus sp,f,0,NR,NR
Stichogloea doederleinii,10.2,Stichogloea doederleinii,measure,0,Stichogloea doederleinii,a,0,Stichogloea doederleinii,a,0,Stichogloea doederleinii,a,0,Stichogloea doederleinii,ab,0,Stichogloea doederleinii,ab,0,Stichogloea doederleinii,a,1,Stichogloea doederleinii,ab,0,Stichogloea doederleinii,a,1,Stichogloea doederleinii,ab,1,Stichogloea sp,x,0,NR,NR,0,NR,NR
Stichogloea globosa,10.2,Stichogloea globosa,measure,0,Stichogloea sp,ab,0,Stichogloea sp,ab,0,Stichogloea sp,ab,0,Stichogloea sp,ab,0,Stichogloea sp,ab,0,Stichogloea sp,ab,1,Stichogloea sp,ab,0,Stichogloea sp,ab,1,Stichogloea sp,ab,1,Stichogloea sp,x,0,NR,NR,0,NR,NR
Surirella sp,40,Surirella sp,measure,0,Surirella sp,a,0,Surirella sp,a,1,Surirella sp,a,0,Surirella sp,a,0,Surirella sp,a,0,Surirella sp,a,1,Surirella sp,a,0,Surirella sp,a,0,Surirella sp,a,0,NR,NR,0,NR,NR,0,NR,NR
Synechococcus sp,4.1,Synechococcus sp,measure,0,Synechococcus sp,a,0,Synechococcus sp,a,0,Synechococcus sp,a,0,Synechococcus sp,a,0,Synechococcus sp,a,1,Synechococcus sp,a,0,Synechococcus sp,a,0,Synechococcus sp,a,1,Synechococcus sp,a,0,Synechococcus sp,p,0,NR,NR,1,Synechococcus sp,b/d
Synechocystis sp,4.3,Synechocystis sp,measure,0,Synechocystis sp,a,1,Synechocystis sp,i,0,Synechocystis sp,a,0,Synechocystis sp,a,0,Synechocystis sp,a,1,Synechocystis sp,a,0,Synechocystis sp,a,0,Synechocystis sp,a,0,Synechocystis sp,aa,0,Synechocystis sp,aa,0,NR,NR,1,Synechocystis sp,d
Synedra cyclopum,60.5,Synedra cyclopum,measure,0,Synedra sp,a,0,Synedra sp,a,1,Synedra sp,a,0,Synedra sp,a,0,Synedra sp,a,0,Synedra sp,a,1,Synedra sp,a,0,Synedra sp,a,0,Synedra cyclopum,f,1,Synedra cyclopum,l,0,NR,NR,0,NR,NR
Synedra sp,83.4,Synedra sp,measure,0,Synedra sp,a,0,Synedra sp,a,1,Synedra sp,a,0,Synedra sp,a,0,Synedra sp,a,0,Synedra sp,a,1,Synedra sp,a,0,Synedra sp,a,1,Synedra sp,l,1,Synedra sp,l,1,Synedra sp,aa,0,NR,NR
Synura sp,17.3,Synura sp,measure,0,Synura sp,a,0,Synura sp,a,1,Synura sp,a,1,Synura sp,a,0,Synura sp,a,0,Synura sp,a,1,Synura sp,a,0,Synura sp,a,1,Synura sp,a,1,Synura sp,x,1,Synura sp,x,0,NR,NR
Tabellaria flocculosa,62.8,Tabellaria flocculosa,measure,0,Tabellaria flocculosa,a,0,Tabellaria flocculosa,a,1,Tabellaria flocculosa,a,0,Tabellaria flocculosa,a,0,Tabellaria flocculosa,a,0,Tabellaria flocculosa,a,1,Tabellaria flocculosa,a,0,Tabellaria flocculosa,a,1,Tabellaria flocculosa,a,1,Tabellaria sp,m,1,Tabellaria flocculosa,f,0,NR,NR
Tetrachlorella alternans,9,Tetrachlorella alternans,n,0,Tetrachlorella alternans,a,0,Tetrachlorella alternans,a,0,Tetrachlorella alternans,a,0,Tetrachlorella alternans,a,0,Tetrachlorella alternans,a,0,Tetrachlorella alternans,a,0,Tetrachlorella alternans,a,1,Tetrachlorella alternans,a,1,Tetrachlorella alternans,ab,1,Tetrachlorella sp,x,0,NR,NR,0,NR,NR
Tetradesmus bernardii,6.3,Tetradesmus bernardii,measure,0,Tetradesmus sp,a,0,Tetradesmus sp,a,0,Tetradesmus sp,a,0,Scenedesmus sp *,a,0,Tetradesmus sp,a,0,Tetradesmus sp,a,0,Tetradesmus sp,a,1,Tetradesmus sp,a,1,Tetradesmus sp,x,0,Tetradesmus sp,m,1,Tetradesmus sp,k,0,NR,NR
Tetradesmus dimorphus,12,Tetradesmus dimorphus,measure,0,Scenedesmus dimorphus *,ab,0,Scenedesmus dimorphus *,ab,0,Scenedesmus dimorphus *,ab,0,Scenedesmus dimorphus *,ab,0,Scenedesmus dimorphus *,ab,0,Scenedesmus dimorphus *,ab,0,Scenedesmus dimorphus *,ab,1,Scenedesmus dimorphus *,ab,1,Scenedesmus dimorphus *,ab,0,Tetradesmus sp,m,1,Tetradesmus sp,k,0,NR,NR
Tetradesmus obliquus,11.1,Tetradesmus obliquus,measure,0,Tetradesmus sp,a,0,Tetradesmus sp,a,0,Tetradesmus sp,a,0,Scenedesmus sp *,a,0,Tetradesmus sp,a,0,Tetradesmus sp,a,0,Tetradesmus sp,a,1,Tetradesmus sp,a,1,Tetradesmus sp,x,0,Tetradesmus sp,m,1,Tetradesmus sp,k,0,NR,NR
Tetraëdron caudatum,9,Tetraëdron caudatum,measure,0,Tetraëdron caudatum,a,0,Tetraëdron caudatum,a,0,Tetraëdron caudatum,a,0,Tetraëdron caudatum,a,0,Tetraëdron caudatum,a,0,Tetraëdron caudatum,a,0,Tetraëdron caudatum,a,1,Tetraëdron caudatum,a,0,Tetraëdron caudatum,a,0,NR,NR,1,Tetraëdron sp,aa,0,NR,NR
Tetraëdron minimum,10.5,Tetraëdron minimum,measure,0,Tetraëdron minimum,a,0,Tetraëdron minimum,a,0,Tetraëdron minimum,a,0,Tetraëdron minimum,a,0,Tetraëdron minimum,a,0,Tetraëdron minimum,a,0,Tetraëdron minimum,a,1,Tetraëdron minimum,a,0,Tetraëdron minimum,a,0,NR,NR,1,Tetraëdron sp,aa,0,NR,NR
Tetraëdron minimum var. tetralobulatum,6,Tetraëdron minimum var. tetralobulatum,measure,0,Tetraëdron sp,a,0,Tetraëdron sp,a,0,Tetraëdron minimum var. tetralobulatum,a,0,Tetraëdron sp,a,0,Tetraëdron sp,a,0,Tetraëdron sp,a,0,Tetraëdron sp,a,1,Tetraëdron sp,a,0,Tetraëdron sp,a,0,NR,NR,1,Tetraëdron sp,aa,0,NR,NR
Tetraëdron trigonum,8.5,Tetraëdron trigonum,measure,0,Tetraëdron trigonum,a,0,Tetraëdron trigonum,a,0,Tetraëdron trigonum,a,0,Tetraëdron trigonum,a,0,Tetraëdron trigonum,a,0,Tetraëdron trigonum,a,0,Tetraëdron trigonum,a,1,Tetraëdron trigonum,a,0,Tetraëdron trigonum,a,0,NR,NR,1,Tetraëdron sp,aa,0,NR,NR
Tetraselmis cordiformis,14.3,Tetraselmis cordiformis,measure,0,Tetraselmis cordiformis,a,0,Tetraselmis cordiformis,a,0,Tetraselmis cordiformis,a,1,Tetraselmis cordiformis,a,0,Tetraselmis cordiformis,a,0,Tetraselmis cordiformis,a,0,Tetraselmis cordiformis,a,1,Tetraselmis cordiformis,a,0,Tetraselmis cordiformis,a,0,NR,NR,0,NR,NR,0,NR,NR
Trachelomonas dybowskii,36,Trachelomonas dybowskii,measure,0,Trachelomonas sp,a,0,Trachelomonas sp,a,0,Trachelomonas sp,a,1,Trachelomonas sp,a,0,Trachelomonas sp,a,0,Trachelomonas sp,a,0,Trachelomonas sp,a,1,Trachelomonas sp,a,0,Trachelomonas sp,a,0,Trachelomonas sp,x,0,NR,NR,0,NR,NR
Trachelomonas volvocina,14.5,Trachelomonas volvocina,measure,0,Trachelomonas volvocina,a,0,Trachelomonas volvocina,a,0,Trachelomonas volvocina,a,1,Trachelomonas volvocina,a,0,Trachelomonas volvocina,a,0,Trachelomonas volvocina,a,0,Trachelomonas volvocina,a,1,Trachelomonas volvocina,a,0,Trachelomonas volvocina,a,0,Trachelomonas sp,x,0,NR,NR,0,NR,NR
Treubaria setigera,6.5,Treubaria setigera,measure,0,Treubaria setigera,a,0,Treubaria setigera,a,0,Treubaria setigera,a,0,Treubaria setigera,a,0,Treubaria setigera,a,0,Treubaria setigera,a,0,Treubaria setigera,a,1,Treubaria setigera,a,0,Treubaria setigera,a,0,NR,NR,1,Treubaria sp,x,0,NR,NR
Treubaria triappendiculata,8,Treubaria triappendiculata,measure,0,Treubaria triappendiculata,a,0,Treubaria triappendiculata,a,0,Treubaria triappendiculata,a,0,Treubaria triappendiculata,a,0,Treubaria triappendiculata,a,0,Treubaria triappendiculata,a,0,Treubaria triappendiculata,a,1,Treubaria triappendiculata,a,0,Treubaria triappendiculata,a,0,NR,NR,1,Treubaria sp,x,0,NR,NR
Ulnaria ulna,239.6,Ulnaria ulna,measure,0,Ulnaria ulna,a,0,Ulnaria ulna,a,1,Ulnaria ulna,a,0,Ulnaria ulna,a,0,Ulnaria ulna,a,0,Ulnaria ulna,a,1,Ulnaria ulna,a,0,Ulnaria ulna,a,0,Ulnaria ulna,a,0,NR,NR,0,NR,NR,0,NR,NR
Uroglena sp,10.1,Uroglena sp,measure,0,Uroglena sp,a,0,Uroglena sp,a,0,Uroglena sp,a,1,Uroglena sp,a,1,Uroglena sp,a,0,Uroglena sp,a,1,Uroglena sp,a,0,Uroglena sp,a,1,Uroglena sp,a,1,Uroglena sp,x,0,NR,NR,0,NR,NR
Urosolenia eriensis,9,Urosolenia eriensis,measure,0,Urosolenia eriensis,a,0,Urosolenia eriensis,a,1,Urosolenia eriensis,a,0,Urosolenia eriensis,a,0,Urosolenia eriensis,a,0,Urosolenia eriensis,a,1,Urosolenia eriensis,a,0,Urosolenia eriensis,a,0,Urosolenia eriensis,a,0,NR,NR,1,Urosolenia sp,l,0,NR,NR
Urosolenia longiseta,6.3,Urosolenia longiseta,measure,0,Urosolenia eriensis *,a,0,Urosolenia eriensis *,a,1,Urosolenia longiseta,a,0,Urosolenia longiseta,a,0,Urosolenia longiseta,a,0,Urosolenia longiseta,a,1,Urosolenia longiseta,a,0,Urosolenia longiseta,a,0,Urosolenia eriensis *,a,0,NR,NR,1,Urosolenia sp,l,0,NR,NR
Willea crucifera,6,Willea crucifera,measure,0,Willea crucifera,a,0,Willea crucifera,a,0,Willea crucifera,a,0,Willea crucifera,a,0,Willea crucifera,a,0,Willea crucifera,a,0,Willea crucifera,a,1,Willea crucifera,a,1,Willea crucifera,a,1,Willea sp,x,0,NR,NR,0,NR,NR
Willea rectangularis,10,Willea rectangularis,measure,0,Willea rectangularis,a,0,Willea rectangularis,a,0,Willea rectangularis,a,0,Willea rectangularis,a,0,Willea rectangularis,a,0,Willea rectangularis,a,0,Willea rectangularis,a,1,Willea rectangularis,a,1,Willea rectangularis,a,1,Willea sp,x,0,NR,NR,0,NR,NR
Woloszynskia ordinata,13.5,Woloszynskia ordinata,measure,0,Woloszynskia sp,a,0,Woloszynskia sp,a,0,Woloszynskia sp,a,1,Woloszynskia sp,a,1,Gymnodinium sp *,a,0,Woloszynskia sp,a,1,Woloszynskia pascheri *,a,0,Woloszynskia sp,a,0,Gymnodinium sp *,a,0,NR,NR,0,NR,NR,0,NR,NR
Woronichinia compacta,4,Woronichinia compacta,measure,0,Woronichinia compacta,a,0,Woronichinia compacta,a,0,Woronichinia compacta,a,0,Woronichinia compacta,a,0,Woronichinia compacta,a,1,Woronichinia compacta,a,0,Woronichinia compacta,a,0,Woronichinia compacta,a,1,Woronichinia compacta,a,1,Woronichinia sp,x,0,NR,NR,1,Woronichinia naegeliana *,b
Woronichinia naegeliana,6.8,Woronichinia naegeliana,measure,0,Woronichinia naegeliana,a,1,Woronichinia naegeliana,a,0,Woronichinia naegeliana,a,0,Woronichinia naegeliana,a,0,Woronichinia naegeliana,a,1,Woronichinia naegeliana,a,0,Woronichinia naegeliana,a,0,Woronichinia naegeliana,a,1,Woronichinia naegeliana,a,1,Woronichinia sp,x,0,NR,NR,1,Woronichinia naegeliana,b
